2025-08-22 12:17:04,967 - Knowledge - INFO - Redis support added with prefix knowledge:b90250b:
2025-08-22 12:17:05,005 - Knowledge - INFO - load persisted knowledge: begin
2025-08-22 12:17:05,006 - Knowledge - INFO - load persisted knowledge: end
2025-08-22 12:17:05,006 - Knowledge - INFO - load persisted docinfo: begin
2025-08-22 12:17:05,007 - Knowledge - INFO - load persisted docinfo: end
2025-08-22 12:17:05,239 - Knowledge - INFO - worker kw1 created with dedicated MongoDB connection (total: 1)
2025-08-22 12:17:05,240 - Knowledge - INFO - knowledge worker kw1 start
2025-08-22 12:17:05,243 - Knowledge - INFO - worker kw1 pull /home/prasanth/projects/kavia/graphnode-backend-api/data/T0005/644038/b90250b/chatnest-644038/backend/README.md from ingest queue
2025-08-22 12:17:05,254 - Knowledge - INFO - process ingested knowledge for /home/prasanth/projects/kavia/graphnode-backend-api/data/T0005/644038/b90250b/chatnest-644038/backend/README.md
2025-08-22 12:17:05,257 - Knowledge - INFO - Found code-base-name: https://github.com/kavia-common/chatnest-644038.git:kavia-master
2025-08-22 12:17:05,257 - Knowledge - INFO - Found code_base: <app.utils.kg_build.knowledge.KnowledgeCodeBase object at 0x78b362ec1730>
2025-08-22 12:17:05,257 - Knowledge - INFO - persist ingested knowledge for /home/prasanth/projects/kavia/graphnode-backend-api/data/T0005/644038/b90250b/chatnest-644038/backend/README.md
2025-08-22 12:17:05,299 - Knowledge - INFO - adding /home/prasanth/projects/kavia/graphnode-backend-api/data/T0005/644038/b90250b/chatnest-644038/backend/README.md to ingest queue
2025-08-22 12:17:05,301 - Knowledge - INFO - worker kw1 pull /home/prasanth/projects/kavia/graphnode-backend-api/data/T0005/644038/b90250b/chatnest-644038/backend/routes.py from ingest queue
2025-08-22 12:17:05,360 - Knowledge - INFO - process ingested knowledge for /home/prasanth/projects/kavia/graphnode-backend-api/data/T0005/644038/b90250b/chatnest-644038/backend/routes.py
2025-08-22 12:17:05,362 - Knowledge - INFO - Found code-base-name: https://github.com/kavia-common/chatnest-644038.git:kavia-master
2025-08-22 12:17:05,363 - Knowledge - INFO - Found code_base: <app.utils.kg_build.knowledge.KnowledgeCodeBase object at 0x78b362ec1730>
2025-08-22 12:17:05,363 - Knowledge - INFO - persist ingested knowledge for /home/prasanth/projects/kavia/graphnode-backend-api/data/T0005/644038/b90250b/chatnest-644038/backend/routes.py
2025-08-22 12:17:05,394 - Knowledge - INFO - adding /home/prasanth/projects/kavia/graphnode-backend-api/data/T0005/644038/b90250b/chatnest-644038/backend/routes.py to ingest queue
2025-08-22 12:17:05,395 - Knowledge - INFO - worker kw1 pull /home/prasanth/projects/kavia/graphnode-backend-api/data/T0005/644038/b90250b/chatnest-644038/backend/requirements.txt from ingest queue
2025-08-22 12:17:05,411 - Knowledge - INFO - process ingested knowledge for /home/prasanth/projects/kavia/graphnode-backend-api/data/T0005/644038/b90250b/chatnest-644038/backend/requirements.txt
2025-08-22 12:17:05,412 - Knowledge - INFO - Found code-base-name: https://github.com/kavia-common/chatnest-644038.git:kavia-master
2025-08-22 12:17:05,413 - Knowledge - INFO - Found code_base: <app.utils.kg_build.knowledge.KnowledgeCodeBase object at 0x78b362ec1730>
2025-08-22 12:17:05,413 - Knowledge - INFO - persist ingested knowledge for /home/prasanth/projects/kavia/graphnode-backend-api/data/T0005/644038/b90250b/chatnest-644038/backend/requirements.txt
2025-08-22 12:17:05,439 - Knowledge - INFO - adding /home/prasanth/projects/kavia/graphnode-backend-api/data/T0005/644038/b90250b/chatnest-644038/backend/requirements.txt to ingest queue
2025-08-22 12:17:05,439 - Knowledge - INFO - worker kw1 pull /home/prasanth/projects/kavia/graphnode-backend-api/data/T0005/644038/b90250b/chatnest-644038/backend/db.py from ingest queue
2025-08-22 12:17:05,471 - Knowledge - INFO - worker kw2 created with dedicated MongoDB connection (total: 2)
2025-08-22 12:17:05,473 - Knowledge - INFO - knowledge worker kw2 start
2025-08-22 12:17:05,480 - Knowledge - INFO - worker kw2 pull /home/prasanth/projects/kavia/graphnode-backend-api/data/T0005/644038/b90250b/chatnest-644038/backend/main.py from ingest queue
2025-08-22 12:17:05,531 - Knowledge - INFO - process ingested knowledge for /home/prasanth/projects/kavia/graphnode-backend-api/data/T0005/644038/b90250b/chatnest-644038/backend/db.py
2025-08-22 12:17:05,533 - Knowledge - INFO - Found code-base-name: https://github.com/kavia-common/chatnest-644038.git:kavia-master
2025-08-22 12:17:05,534 - Knowledge - INFO - Found code_base: <app.utils.kg_build.knowledge.KnowledgeCodeBase object at 0x78b362ec1730>
2025-08-22 12:17:05,534 - Knowledge - INFO - persist ingested knowledge for /home/prasanth/projects/kavia/graphnode-backend-api/data/T0005/644038/b90250b/chatnest-644038/backend/db.py
2025-08-22 12:17:05,542 - Knowledge - INFO - process ingested knowledge for /home/prasanth/projects/kavia/graphnode-backend-api/data/T0005/644038/b90250b/chatnest-644038/backend/main.py
2025-08-22 12:17:05,559 - Knowledge - INFO - Found code-base-name: https://github.com/kavia-common/chatnest-644038.git:kavia-master
2025-08-22 12:17:05,560 - Knowledge - INFO - Found code_base: <app.utils.kg_build.knowledge.KnowledgeCodeBase object at 0x78b362ec1730>
2025-08-22 12:17:05,560 - Knowledge - INFO - persist ingested knowledge for /home/prasanth/projects/kavia/graphnode-backend-api/data/T0005/644038/b90250b/chatnest-644038/backend/main.py
2025-08-22 12:17:05,585 - Knowledge - INFO - adding /home/prasanth/projects/kavia/graphnode-backend-api/data/T0005/644038/b90250b/chatnest-644038/backend/db.py to ingest queue
2025-08-22 12:17:05,586 - Knowledge - INFO - worker kw1 pull /home/prasanth/projects/kavia/graphnode-backend-api/data/T0005/644038/b90250b/chatnest-644038/backend/models.py from ingest queue
2025-08-22 12:17:05,586 - Knowledge - INFO - adding /home/prasanth/projects/kavia/graphnode-backend-api/data/T0005/644038/b90250b/chatnest-644038/backend/main.py to ingest queue
2025-08-22 12:17:05,587 - Knowledge - INFO - worker kw2 pull /home/prasanth/projects/kavia/graphnode-backend-api/data/T0005/644038/b90250b/chatnest-644038/frontend/src/App.css from ingest queue
2025-08-22 12:17:05,597 - Knowledge - INFO - process ingested knowledge for /home/prasanth/projects/kavia/graphnode-backend-api/data/T0005/644038/b90250b/chatnest-644038/frontend/src/App.css
2025-08-22 12:17:05,598 - Knowledge - INFO - Found code-base-name: https://github.com/kavia-common/chatnest-644038.git:kavia-master
2025-08-22 12:17:05,599 - Knowledge - INFO - Found code_base: <app.utils.kg_build.knowledge.KnowledgeCodeBase object at 0x78b362ec1730>
2025-08-22 12:17:05,599 - Knowledge - INFO - persist ingested knowledge for /home/prasanth/projects/kavia/graphnode-backend-api/data/T0005/644038/b90250b/chatnest-644038/frontend/src/App.css
2025-08-22 12:17:05,619 - Knowledge - INFO - process ingested knowledge for /home/prasanth/projects/kavia/graphnode-backend-api/data/T0005/644038/b90250b/chatnest-644038/backend/models.py
2025-08-22 12:17:05,621 - Knowledge - INFO - Found code-base-name: https://github.com/kavia-common/chatnest-644038.git:kavia-master
2025-08-22 12:17:05,621 - Knowledge - INFO - Found code_base: <app.utils.kg_build.knowledge.KnowledgeCodeBase object at 0x78b362ec1730>
2025-08-22 12:17:05,621 - Knowledge - INFO - persist ingested knowledge for /home/prasanth/projects/kavia/graphnode-backend-api/data/T0005/644038/b90250b/chatnest-644038/backend/models.py
2025-08-22 12:17:05,642 - Knowledge - INFO - adding /home/prasanth/projects/kavia/graphnode-backend-api/data/T0005/644038/b90250b/chatnest-644038/frontend/src/App.css to ingest queue
2025-08-22 12:17:05,643 - Knowledge - INFO - worker kw2 pull /home/prasanth/projects/kavia/graphnode-backend-api/data/T0005/644038/b90250b/chatnest-644038/frontend/src/hooks/use-mobile.tsx from ingest queue
2025-08-22 12:17:05,644 - Knowledge - INFO - adding /home/prasanth/projects/kavia/graphnode-backend-api/data/T0005/644038/b90250b/chatnest-644038/backend/models.py to ingest queue
2025-08-22 12:17:05,644 - Knowledge - INFO - worker kw1 pull /home/prasanth/projects/kavia/graphnode-backend-api/data/T0005/644038/b90250b/chatnest-644038/frontend/src/hooks/use-toast.ts from ingest queue
2025-08-22 12:17:05,699 - Knowledge - INFO - worker kw3 created with dedicated MongoDB connection (total: 3)
2025-08-22 12:17:05,700 - Knowledge - INFO - knowledge worker kw3 start
2025-08-22 12:17:05,702 - Knowledge - INFO - worker kw3 pull /home/prasanth/projects/kavia/graphnode-backend-api/data/T0005/644038/b90250b/chatnest-644038/frontend/src/hooks/useTheme.ts from ingest queue
2025-08-22 12:17:05,715 - Knowledge - INFO - process ingested knowledge for /home/prasanth/projects/kavia/graphnode-backend-api/data/T0005/644038/b90250b/chatnest-644038/frontend/src/hooks/use-mobile.tsx
2025-08-22 12:17:05,725 - Knowledge - INFO - Found code-base-name: https://github.com/kavia-common/chatnest-644038.git:kavia-master
2025-08-22 12:17:05,726 - Knowledge - INFO - Found code_base: <app.utils.kg_build.knowledge.KnowledgeCodeBase object at 0x78b362ec1730>
2025-08-22 12:17:05,726 - Knowledge - INFO - persist ingested knowledge for /home/prasanth/projects/kavia/graphnode-backend-api/data/T0005/644038/b90250b/chatnest-644038/frontend/src/hooks/use-mobile.tsx
2025-08-22 12:17:05,733 - Knowledge - INFO - process ingested knowledge for /home/prasanth/projects/kavia/graphnode-backend-api/data/T0005/644038/b90250b/chatnest-644038/frontend/src/hooks/use-toast.ts
2025-08-22 12:17:05,761 - Knowledge - INFO - Found code-base-name: https://github.com/kavia-common/chatnest-644038.git:kavia-master
2025-08-22 12:17:05,761 - Knowledge - INFO - Found code_base: <app.utils.kg_build.knowledge.KnowledgeCodeBase object at 0x78b362ec1730>
2025-08-22 12:17:05,761 - Knowledge - INFO - persist ingested knowledge for /home/prasanth/projects/kavia/graphnode-backend-api/data/T0005/644038/b90250b/chatnest-644038/frontend/src/hooks/use-toast.ts
2025-08-22 12:17:05,775 - Knowledge - INFO - process ingested knowledge for /home/prasanth/projects/kavia/graphnode-backend-api/data/T0005/644038/b90250b/chatnest-644038/frontend/src/hooks/useTheme.ts
2025-08-22 12:17:05,786 - Knowledge - INFO - adding /home/prasanth/projects/kavia/graphnode-backend-api/data/T0005/644038/b90250b/chatnest-644038/frontend/src/hooks/use-mobile.tsx to ingest queue
2025-08-22 12:17:05,787 - Knowledge - INFO - Found code-base-name: https://github.com/kavia-common/chatnest-644038.git:kavia-master
2025-08-22 12:17:05,788 - Knowledge - INFO - Found code_base: <app.utils.kg_build.knowledge.KnowledgeCodeBase object at 0x78b362ec1730>
2025-08-22 12:17:05,788 - Knowledge - INFO - persist ingested knowledge for /home/prasanth/projects/kavia/graphnode-backend-api/data/T0005/644038/b90250b/chatnest-644038/frontend/src/hooks/useTheme.ts
2025-08-22 12:17:05,788 - Knowledge - INFO - worker kw2 pull /home/prasanth/projects/kavia/graphnode-backend-api/data/T0005/644038/b90250b/chatnest-644038/frontend/src/hooks/useApiKey.ts from ingest queue
2025-08-22 12:17:05,789 - Knowledge - INFO - adding /home/prasanth/projects/kavia/graphnode-backend-api/data/T0005/644038/b90250b/chatnest-644038/frontend/src/hooks/use-toast.ts to ingest queue
2025-08-22 12:17:05,789 - Knowledge - INFO - worker kw1 pull /home/prasanth/projects/kavia/graphnode-backend-api/data/T0005/644038/b90250b/chatnest-644038/frontend/src/lib/firebase.ts from ingest queue
2025-08-22 12:17:05,820 - Knowledge - INFO - adding /home/prasanth/projects/kavia/graphnode-backend-api/data/T0005/644038/b90250b/chatnest-644038/frontend/src/hooks/useTheme.ts to ingest queue
2025-08-22 12:17:05,821 - Knowledge - INFO - worker kw3 pull /home/prasanth/projects/kavia/graphnode-backend-api/data/T0005/644038/b90250b/chatnest-644038/frontend/src/lib/utils.ts from ingest queue
2025-08-22 12:17:05,851 - Knowledge - INFO - process ingested knowledge for /home/prasanth/projects/kavia/graphnode-backend-api/data/T0005/644038/b90250b/chatnest-644038/frontend/src/hooks/useApiKey.ts
2025-08-22 12:17:05,852 - Knowledge - INFO - Found code-base-name: https://github.com/kavia-common/chatnest-644038.git:kavia-master
2025-08-22 12:17:05,853 - Knowledge - INFO - Found code_base: <app.utils.kg_build.knowledge.KnowledgeCodeBase object at 0x78b362ec1730>
2025-08-22 12:17:05,853 - Knowledge - INFO - persist ingested knowledge for /home/prasanth/projects/kavia/graphnode-backend-api/data/T0005/644038/b90250b/chatnest-644038/frontend/src/hooks/useApiKey.ts
2025-08-22 12:17:05,856 - Knowledge - INFO - process ingested knowledge for /home/prasanth/projects/kavia/graphnode-backend-api/data/T0005/644038/b90250b/chatnest-644038/frontend/src/lib/firebase.ts
2025-08-22 12:17:05,893 - Knowledge - INFO - Found code-base-name: https://github.com/kavia-common/chatnest-644038.git:kavia-master
2025-08-22 12:17:05,894 - Knowledge - INFO - Found code_base: <app.utils.kg_build.knowledge.KnowledgeCodeBase object at 0x78b362ec1730>
2025-08-22 12:17:05,894 - Knowledge - INFO - persist ingested knowledge for /home/prasanth/projects/kavia/graphnode-backend-api/data/T0005/644038/b90250b/chatnest-644038/frontend/src/lib/firebase.ts
2025-08-22 12:17:05,900 - Knowledge - INFO - process ingested knowledge for /home/prasanth/projects/kavia/graphnode-backend-api/data/T0005/644038/b90250b/chatnest-644038/frontend/src/lib/utils.ts
2025-08-22 12:17:05,928 - Knowledge - INFO - adding /home/prasanth/projects/kavia/graphnode-backend-api/data/T0005/644038/b90250b/chatnest-644038/frontend/src/hooks/useApiKey.ts to ingest queue
2025-08-22 12:17:05,929 - Knowledge - INFO - Found code-base-name: https://github.com/kavia-common/chatnest-644038.git:kavia-master
2025-08-22 12:17:05,929 - Knowledge - INFO - Found code_base: <app.utils.kg_build.knowledge.KnowledgeCodeBase object at 0x78b362ec1730>
2025-08-22 12:17:05,929 - Knowledge - INFO - persist ingested knowledge for /home/prasanth/projects/kavia/graphnode-backend-api/data/T0005/644038/b90250b/chatnest-644038/frontend/src/lib/utils.ts
2025-08-22 12:17:05,930 - Knowledge - INFO - adding /home/prasanth/projects/kavia/graphnode-backend-api/data/T0005/644038/b90250b/chatnest-644038/frontend/src/lib/firebase.ts to ingest queue
2025-08-22 12:17:05,932 - Knowledge - INFO - worker kw4 created with dedicated MongoDB connection (total: 4)
2025-08-22 12:17:05,937 - Knowledge - INFO - worker kw2 pull /home/prasanth/projects/kavia/graphnode-backend-api/data/T0005/644038/b90250b/chatnest-644038/frontend/src/index.css from ingest queue
2025-08-22 12:17:05,939 - Knowledge - INFO - knowledge worker kw4 start
2025-08-22 12:17:05,956 - Knowledge - INFO - process ingested knowledge for /home/prasanth/projects/kavia/graphnode-backend-api/data/T0005/644038/b90250b/chatnest-644038/frontend/src/index.css
2025-08-22 12:17:05,972 - Knowledge - INFO - worker kw1 pull /home/prasanth/projects/kavia/graphnode-backend-api/data/T0005/644038/b90250b/chatnest-644038/frontend/src/components/ChatSidebar.tsx from ingest queue
2025-08-22 12:17:05,974 - Knowledge - INFO - worker kw4 pull /home/prasanth/projects/kavia/graphnode-backend-api/data/T0005/644038/b90250b/chatnest-644038/frontend/src/components/RegisterPage.tsx from ingest queue
2025-08-22 12:17:05,975 - Knowledge - INFO - Found code-base-name: https://github.com/kavia-common/chatnest-644038.git:kavia-master
2025-08-22 12:17:05,975 - Knowledge - INFO - Found code_base: <app.utils.kg_build.knowledge.KnowledgeCodeBase object at 0x78b362ec1730>
2025-08-22 12:17:05,975 - Knowledge - INFO - persist ingested knowledge for /home/prasanth/projects/kavia/graphnode-backend-api/data/T0005/644038/b90250b/chatnest-644038/frontend/src/index.css
2025-08-22 12:17:06,016 - Knowledge - INFO - adding /home/prasanth/projects/kavia/graphnode-backend-api/data/T0005/644038/b90250b/chatnest-644038/frontend/src/lib/utils.ts to ingest queue
2025-08-22 12:17:06,016 - Knowledge - INFO - worker kw3 pull /home/prasanth/projects/kavia/graphnode-backend-api/data/T0005/644038/b90250b/chatnest-644038/frontend/src/components/ChatWindow.tsx from ingest queue
2025-08-22 12:17:06,017 - Knowledge - INFO - adding /home/prasanth/projects/kavia/graphnode-backend-api/data/T0005/644038/b90250b/chatnest-644038/frontend/src/index.css to ingest queue
2025-08-22 12:17:06,017 - Knowledge - INFO - worker kw2 pull /home/prasanth/projects/kavia/graphnode-backend-api/data/T0005/644038/b90250b/chatnest-644038/frontend/src/components/ui/tooltip.tsx from ingest queue
2025-08-22 12:17:06,072 - Knowledge - INFO - process ingested knowledge for /home/prasanth/projects/kavia/graphnode-backend-api/data/T0005/644038/b90250b/chatnest-644038/frontend/src/components/RegisterPage.tsx
2025-08-22 12:17:06,074 - Knowledge - INFO - process ingested knowledge for /home/prasanth/projects/kavia/graphnode-backend-api/data/T0005/644038/b90250b/chatnest-644038/frontend/src/components/ChatSidebar.tsx
2025-08-22 12:17:06,074 - Knowledge - INFO - process ingested knowledge for /home/prasanth/projects/kavia/graphnode-backend-api/data/T0005/644038/b90250b/chatnest-644038/frontend/src/components/ui/tooltip.tsx
2025-08-22 12:17:06,076 - Knowledge - INFO - Found code-base-name: https://github.com/kavia-common/chatnest-644038.git:kavia-master
2025-08-22 12:17:06,076 - Knowledge - INFO - Found code_base: <app.utils.kg_build.knowledge.KnowledgeCodeBase object at 0x78b362ec1730>
2025-08-22 12:17:06,076 - Knowledge - INFO - persist ingested knowledge for /home/prasanth/projects/kavia/graphnode-backend-api/data/T0005/644038/b90250b/chatnest-644038/frontend/src/components/RegisterPage.tsx
2025-08-22 12:17:06,091 - Knowledge - INFO - process ingested knowledge for /home/prasanth/projects/kavia/graphnode-backend-api/data/T0005/644038/b90250b/chatnest-644038/frontend/src/components/ChatWindow.tsx
2025-08-22 12:17:06,113 - Knowledge - INFO - Found code-base-name: https://github.com/kavia-common/chatnest-644038.git:kavia-master
2025-08-22 12:17:06,113 - Knowledge - INFO - Found code_base: <app.utils.kg_build.knowledge.KnowledgeCodeBase object at 0x78b362ec1730>
2025-08-22 12:17:06,113 - Knowledge - INFO - persist ingested knowledge for /home/prasanth/projects/kavia/graphnode-backend-api/data/T0005/644038/b90250b/chatnest-644038/frontend/src/components/ChatSidebar.tsx
2025-08-22 12:17:06,114 - Knowledge - INFO - Found code-base-name: https://github.com/kavia-common/chatnest-644038.git:kavia-master
2025-08-22 12:17:06,114 - Knowledge - INFO - Found code_base: <app.utils.kg_build.knowledge.KnowledgeCodeBase object at 0x78b362ec1730>
2025-08-22 12:17:06,114 - Knowledge - INFO - persist ingested knowledge for /home/prasanth/projects/kavia/graphnode-backend-api/data/T0005/644038/b90250b/chatnest-644038/frontend/src/components/ui/tooltip.tsx
2025-08-22 12:17:06,114 - Knowledge - INFO - Found code-base-name: https://github.com/kavia-common/chatnest-644038.git:kavia-master
2025-08-22 12:17:06,114 - Knowledge - INFO - Found code_base: <app.utils.kg_build.knowledge.KnowledgeCodeBase object at 0x78b362ec1730>
2025-08-22 12:17:06,114 - Knowledge - INFO - persist ingested knowledge for /home/prasanth/projects/kavia/graphnode-backend-api/data/T0005/644038/b90250b/chatnest-644038/frontend/src/components/ChatWindow.tsx
2025-08-22 12:17:06,144 - Knowledge - INFO - adding /home/prasanth/projects/kavia/graphnode-backend-api/data/T0005/644038/b90250b/chatnest-644038/frontend/src/components/RegisterPage.tsx to ingest queue
2025-08-22 12:17:06,162 - Knowledge - INFO - worker kw5 created with dedicated MongoDB connection (total: 5)
2025-08-22 12:17:06,164 - Knowledge - INFO - knowledge worker kw5 start
2025-08-22 12:17:06,190 - Knowledge - INFO - adding /home/prasanth/projects/kavia/graphnode-backend-api/data/T0005/644038/b90250b/chatnest-644038/frontend/src/components/ChatSidebar.tsx to ingest queue
2025-08-22 12:17:06,191 - Knowledge - INFO - worker kw1 pull /home/prasanth/projects/kavia/graphnode-backend-api/data/T0005/644038/b90250b/chatnest-644038/frontend/src/components/ui/switch.tsx from ingest queue
2025-08-22 12:17:06,192 - Knowledge - INFO - worker kw4 pull /home/prasanth/projects/kavia/graphnode-backend-api/data/T0005/644038/b90250b/chatnest-644038/frontend/src/components/ui/toggle.tsx from ingest queue
2025-08-22 12:17:06,193 - Knowledge - INFO - worker kw5 pull /home/prasanth/projects/kavia/graphnode-backend-api/data/T0005/644038/b90250b/chatnest-644038/frontend/src/components/ui/alert.tsx from ingest queue
2025-08-22 12:17:06,193 - Knowledge - INFO - adding /home/prasanth/projects/kavia/graphnode-backend-api/data/T0005/644038/b90250b/chatnest-644038/frontend/src/components/ChatWindow.tsx to ingest queue
2025-08-22 12:17:06,194 - Knowledge - INFO - adding /home/prasanth/projects/kavia/graphnode-backend-api/data/T0005/644038/b90250b/chatnest-644038/frontend/src/components/ui/tooltip.tsx to ingest queue
2025-08-22 12:17:06,194 - Knowledge - INFO - worker kw2 pull /home/prasanth/projects/kavia/graphnode-backend-api/data/T0005/644038/b90250b/chatnest-644038/frontend/src/components/ui/chart.tsx from ingest queue
2025-08-22 12:17:06,195 - Knowledge - INFO - worker kw3 pull /home/prasanth/projects/kavia/graphnode-backend-api/data/T0005/644038/b90250b/chatnest-644038/frontend/src/components/ui/textarea.tsx from ingest queue
2025-08-22 12:17:06,230 - Knowledge - INFO - process ingested knowledge for /home/prasanth/projects/kavia/graphnode-backend-api/data/T0005/644038/b90250b/chatnest-644038/frontend/src/components/ui/chart.tsx
2025-08-22 12:17:06,231 - Knowledge - INFO - process ingested knowledge for /home/prasanth/projects/kavia/graphnode-backend-api/data/T0005/644038/b90250b/chatnest-644038/frontend/src/components/ui/switch.tsx
2025-08-22 12:17:06,231 - Knowledge - INFO - process ingested knowledge for /home/prasanth/projects/kavia/graphnode-backend-api/data/T0005/644038/b90250b/chatnest-644038/frontend/src/components/ui/toggle.tsx
2025-08-22 12:17:06,232 - Knowledge - INFO - process ingested knowledge for /home/prasanth/projects/kavia/graphnode-backend-api/data/T0005/644038/b90250b/chatnest-644038/frontend/src/components/ui/textarea.tsx
2025-08-22 12:17:06,232 - Knowledge - INFO - process ingested knowledge for /home/prasanth/projects/kavia/graphnode-backend-api/data/T0005/644038/b90250b/chatnest-644038/frontend/src/components/ui/alert.tsx
2025-08-22 12:17:06,234 - Knowledge - INFO - Found code-base-name: https://github.com/kavia-common/chatnest-644038.git:kavia-master
2025-08-22 12:17:06,235 - Knowledge - INFO - Found code_base: <app.utils.kg_build.knowledge.KnowledgeCodeBase object at 0x78b362ec1730>
2025-08-22 12:17:06,235 - Knowledge - INFO - persist ingested knowledge for /home/prasanth/projects/kavia/graphnode-backend-api/data/T0005/644038/b90250b/chatnest-644038/frontend/src/components/ui/toggle.tsx
2025-08-22 12:17:06,270 - Knowledge - INFO - Found code-base-name: https://github.com/kavia-common/chatnest-644038.git:kavia-master
2025-08-22 12:17:06,270 - Knowledge - INFO - Found code_base: <app.utils.kg_build.knowledge.KnowledgeCodeBase object at 0x78b362ec1730>
2025-08-22 12:17:06,270 - Knowledge - INFO - persist ingested knowledge for /home/prasanth/projects/kavia/graphnode-backend-api/data/T0005/644038/b90250b/chatnest-644038/frontend/src/components/ui/switch.tsx
2025-08-22 12:17:06,271 - Knowledge - INFO - Found code-base-name: https://github.com/kavia-common/chatnest-644038.git:kavia-master
2025-08-22 12:17:06,271 - Knowledge - INFO - Found code_base: <app.utils.kg_build.knowledge.KnowledgeCodeBase object at 0x78b362ec1730>
2025-08-22 12:17:06,271 - Knowledge - INFO - persist ingested knowledge for /home/prasanth/projects/kavia/graphnode-backend-api/data/T0005/644038/b90250b/chatnest-644038/frontend/src/components/ui/alert.tsx
2025-08-22 12:17:06,271 - Knowledge - INFO - Found code-base-name: https://github.com/kavia-common/chatnest-644038.git:kavia-master
2025-08-22 12:17:06,271 - Knowledge - INFO - Found code_base: <app.utils.kg_build.knowledge.KnowledgeCodeBase object at 0x78b362ec1730>
2025-08-22 12:17:06,271 - Knowledge - INFO - persist ingested knowledge for /home/prasanth/projects/kavia/graphnode-backend-api/data/T0005/644038/b90250b/chatnest-644038/frontend/src/components/ui/chart.tsx
2025-08-22 12:17:06,271 - Knowledge - INFO - Found code-base-name: https://github.com/kavia-common/chatnest-644038.git:kavia-master
2025-08-22 12:17:06,272 - Knowledge - INFO - Found code_base: <app.utils.kg_build.knowledge.KnowledgeCodeBase object at 0x78b362ec1730>
2025-08-22 12:17:06,272 - Knowledge - INFO - persist ingested knowledge for /home/prasanth/projects/kavia/graphnode-backend-api/data/T0005/644038/b90250b/chatnest-644038/frontend/src/components/ui/textarea.tsx
2025-08-22 12:17:06,298 - Knowledge - INFO - adding /home/prasanth/projects/kavia/graphnode-backend-api/data/T0005/644038/b90250b/chatnest-644038/frontend/src/components/ui/toggle.tsx to ingest queue
2025-08-22 12:17:06,298 - Knowledge - INFO - worker kw4 pull /home/prasanth/projects/kavia/graphnode-backend-api/data/T0005/644038/b90250b/chatnest-644038/frontend/src/components/ui/dialog.tsx from ingest queue
2025-08-22 12:17:06,371 - Knowledge - INFO - process ingested knowledge for /home/prasanth/projects/kavia/graphnode-backend-api/data/T0005/644038/b90250b/chatnest-644038/frontend/src/components/ui/dialog.tsx
2025-08-22 12:17:06,377 - Knowledge - INFO - adding /home/prasanth/projects/kavia/graphnode-backend-api/data/T0005/644038/b90250b/chatnest-644038/frontend/src/components/ui/switch.tsx to ingest queue
2025-08-22 12:17:06,379 - Knowledge - INFO - adding /home/prasanth/projects/kavia/graphnode-backend-api/data/T0005/644038/b90250b/chatnest-644038/frontend/src/components/ui/chart.tsx to ingest queue
2025-08-22 12:17:06,380 - Knowledge - INFO - Found code-base-name: https://github.com/kavia-common/chatnest-644038.git:kavia-master
2025-08-22 12:17:06,380 - Knowledge - INFO - Found code_base: <app.utils.kg_build.knowledge.KnowledgeCodeBase object at 0x78b362ec1730>
2025-08-22 12:17:06,380 - Knowledge - INFO - persist ingested knowledge for /home/prasanth/projects/kavia/graphnode-backend-api/data/T0005/644038/b90250b/chatnest-644038/frontend/src/components/ui/dialog.tsx
2025-08-22 12:17:06,381 - Knowledge - INFO - worker kw1 pull /home/prasanth/projects/kavia/graphnode-backend-api/data/T0005/644038/b90250b/chatnest-644038/frontend/src/components/ui/aspect-ratio.tsx from ingest queue
2025-08-22 12:17:06,381 - Knowledge - INFO - adding /home/prasanth/projects/kavia/graphnode-backend-api/data/T0005/644038/b90250b/chatnest-644038/frontend/src/components/ui/alert.tsx to ingest queue
2025-08-22 12:17:06,382 - Knowledge - INFO - adding /home/prasanth/projects/kavia/graphnode-backend-api/data/T0005/644038/b90250b/chatnest-644038/frontend/src/components/ui/textarea.tsx to ingest queue
2025-08-22 12:17:06,383 - Knowledge - INFO - worker kw2 pull /home/prasanth/projects/kavia/graphnode-backend-api/data/T0005/644038/b90250b/chatnest-644038/frontend/src/components/ui/navigation-menu.tsx from ingest queue
2025-08-22 12:17:06,391 - Knowledge - INFO - worker kw6 created with dedicated MongoDB connection (total: 6)
2025-08-22 12:17:06,392 - Knowledge - INFO - knowledge worker kw6 start
2025-08-22 12:17:06,407 - Knowledge - INFO - worker kw3 pull /home/prasanth/projects/kavia/graphnode-backend-api/data/T0005/644038/b90250b/chatnest-644038/frontend/src/components/ui/toaster.tsx from ingest queue
2025-08-22 12:17:06,408 - Knowledge - INFO - worker kw5 pull /home/prasanth/projects/kavia/graphnode-backend-api/data/T0005/644038/b90250b/chatnest-644038/frontend/src/components/ui/scroll-area.tsx from ingest queue
2025-08-22 12:17:06,408 - Knowledge - INFO - worker kw6 pull /home/prasanth/projects/kavia/graphnode-backend-api/data/T0005/644038/b90250b/chatnest-644038/frontend/src/components/ui/separator.tsx from ingest queue
2025-08-22 12:17:06,409 - Knowledge - INFO - adding /home/prasanth/projects/kavia/graphnode-backend-api/data/T0005/644038/b90250b/chatnest-644038/frontend/src/components/ui/dialog.tsx to ingest queue
2025-08-22 12:17:06,409 - Knowledge - INFO - worker kw4 pull /home/prasanth/projects/kavia/graphnode-backend-api/data/T0005/644038/b90250b/chatnest-644038/frontend/src/components/ui/calendar.tsx from ingest queue
2025-08-22 12:17:06,422 - Knowledge - INFO - process ingested knowledge for /home/prasanth/projects/kavia/graphnode-backend-api/data/T0005/644038/b90250b/chatnest-644038/frontend/src/components/ui/aspect-ratio.tsx
2025-08-22 12:17:06,423 - Knowledge - INFO - Found code-base-name: https://github.com/kavia-common/chatnest-644038.git:kavia-master
2025-08-22 12:17:06,423 - Knowledge - INFO - Found code_base: <app.utils.kg_build.knowledge.KnowledgeCodeBase object at 0x78b362ec1730>
2025-08-22 12:17:06,423 - Knowledge - INFO - persist ingested knowledge for /home/prasanth/projects/kavia/graphnode-backend-api/data/T0005/644038/b90250b/chatnest-644038/frontend/src/components/ui/aspect-ratio.tsx
2025-08-22 12:17:06,424 - Knowledge - INFO - process ingested knowledge for /home/prasanth/projects/kavia/graphnode-backend-api/data/T0005/644038/b90250b/chatnest-644038/frontend/src/components/ui/navigation-menu.tsx
2025-08-22 12:17:06,445 - Knowledge - INFO - process ingested knowledge for /home/prasanth/projects/kavia/graphnode-backend-api/data/T0005/644038/b90250b/chatnest-644038/frontend/src/components/ui/toaster.tsx
2025-08-22 12:17:06,447 - Knowledge - INFO - process ingested knowledge for /home/prasanth/projects/kavia/graphnode-backend-api/data/T0005/644038/b90250b/chatnest-644038/frontend/src/components/ui/separator.tsx
2025-08-22 12:17:06,447 - Knowledge - INFO - process ingested knowledge for /home/prasanth/projects/kavia/graphnode-backend-api/data/T0005/644038/b90250b/chatnest-644038/frontend/src/components/ui/calendar.tsx
2025-08-22 12:17:06,448 - Knowledge - INFO - process ingested knowledge for /home/prasanth/projects/kavia/graphnode-backend-api/data/T0005/644038/b90250b/chatnest-644038/frontend/src/components/ui/scroll-area.tsx
2025-08-22 12:17:06,450 - Knowledge - INFO - Found code-base-name: https://github.com/kavia-common/chatnest-644038.git:kavia-master
2025-08-22 12:17:06,450 - Knowledge - INFO - Found code_base: <app.utils.kg_build.knowledge.KnowledgeCodeBase object at 0x78b362ec1730>
2025-08-22 12:17:06,451 - Knowledge - INFO - persist ingested knowledge for /home/prasanth/projects/kavia/graphnode-backend-api/data/T0005/644038/b90250b/chatnest-644038/frontend/src/components/ui/navigation-menu.tsx
2025-08-22 12:17:06,454 - Knowledge - INFO - adding /home/prasanth/projects/kavia/graphnode-backend-api/data/T0005/644038/b90250b/chatnest-644038/frontend/src/components/ui/aspect-ratio.tsx to ingest queue
2025-08-22 12:17:06,471 - Knowledge - INFO - Found code-base-name: https://github.com/kavia-common/chatnest-644038.git:kavia-master
2025-08-22 12:17:06,472 - Knowledge - INFO - Found code_base: <app.utils.kg_build.knowledge.KnowledgeCodeBase object at 0x78b362ec1730>
2025-08-22 12:17:06,472 - Knowledge - INFO - persist ingested knowledge for /home/prasanth/projects/kavia/graphnode-backend-api/data/T0005/644038/b90250b/chatnest-644038/frontend/src/components/ui/separator.tsx
2025-08-22 12:17:06,472 - Knowledge - INFO - Found code-base-name: https://github.com/kavia-common/chatnest-644038.git:kavia-master
2025-08-22 12:17:06,472 - Knowledge - INFO - Found code_base: <app.utils.kg_build.knowledge.KnowledgeCodeBase object at 0x78b362ec1730>
2025-08-22 12:17:06,472 - Knowledge - INFO - persist ingested knowledge for /home/prasanth/projects/kavia/graphnode-backend-api/data/T0005/644038/b90250b/chatnest-644038/frontend/src/components/ui/scroll-area.tsx
2025-08-22 12:17:06,472 - Knowledge - INFO - Found code-base-name: https://github.com/kavia-common/chatnest-644038.git:kavia-master
2025-08-22 12:17:06,472 - Knowledge - INFO - Found code_base: <app.utils.kg_build.knowledge.KnowledgeCodeBase object at 0x78b362ec1730>
2025-08-22 12:17:06,472 - Knowledge - INFO - persist ingested knowledge for /home/prasanth/projects/kavia/graphnode-backend-api/data/T0005/644038/b90250b/chatnest-644038/frontend/src/components/ui/calendar.tsx
2025-08-22 12:17:06,473 - Knowledge - INFO - worker kw1 pull /home/prasanth/projects/kavia/graphnode-backend-api/data/T0005/644038/b90250b/chatnest-644038/frontend/src/components/ui/tabs.tsx from ingest queue
2025-08-22 12:17:06,475 - Knowledge - INFO - Found code-base-name: https://github.com/kavia-common/chatnest-644038.git:kavia-master
2025-08-22 12:17:06,475 - Knowledge - INFO - Found code_base: <app.utils.kg_build.knowledge.KnowledgeCodeBase object at 0x78b362ec1730>
2025-08-22 12:17:06,475 - Knowledge - INFO - persist ingested knowledge for /home/prasanth/projects/kavia/graphnode-backend-api/data/T0005/644038/b90250b/chatnest-644038/frontend/src/components/ui/toaster.tsx
2025-08-22 12:17:06,492 - Knowledge - INFO - adding /home/prasanth/projects/kavia/graphnode-backend-api/data/T0005/644038/b90250b/chatnest-644038/frontend/src/components/ui/navigation-menu.tsx to ingest queue
2025-08-22 12:17:06,510 - Knowledge - INFO - process ingested knowledge for /home/prasanth/projects/kavia/graphnode-backend-api/data/T0005/644038/b90250b/chatnest-644038/frontend/src/components/ui/tabs.tsx
2025-08-22 12:17:06,530 - Knowledge - INFO - adding /home/prasanth/projects/kavia/graphnode-backend-api/data/T0005/644038/b90250b/chatnest-644038/frontend/src/components/ui/separator.tsx to ingest queue
2025-08-22 12:17:06,531 - Knowledge - INFO - worker kw2 pull /home/prasanth/projects/kavia/graphnode-backend-api/data/T0005/644038/b90250b/chatnest-644038/frontend/src/components/ui/toast.tsx from ingest queue
2025-08-22 12:17:06,547 - Knowledge - INFO - Found code-base-name: https://github.com/kavia-common/chatnest-644038.git:kavia-master
2025-08-22 12:17:06,547 - Knowledge - INFO - Found code_base: <app.utils.kg_build.knowledge.KnowledgeCodeBase object at 0x78b362ec1730>
2025-08-22 12:17:06,547 - Knowledge - INFO - persist ingested knowledge for /home/prasanth/projects/kavia/graphnode-backend-api/data/T0005/644038/b90250b/chatnest-644038/frontend/src/components/ui/tabs.tsx
2025-08-22 12:17:06,548 - Knowledge - INFO - adding /home/prasanth/projects/kavia/graphnode-backend-api/data/T0005/644038/b90250b/chatnest-644038/frontend/src/components/ui/scroll-area.tsx to ingest queue
2025-08-22 12:17:06,548 - Knowledge - INFO - adding /home/prasanth/projects/kavia/graphnode-backend-api/data/T0005/644038/b90250b/chatnest-644038/frontend/src/components/ui/toaster.tsx to ingest queue
2025-08-22 12:17:06,549 - Knowledge - INFO - worker kw3 pull /home/prasanth/projects/kavia/graphnode-backend-api/data/T0005/644038/b90250b/chatnest-644038/frontend/src/components/ui/command.tsx from ingest queue
2025-08-22 12:17:06,550 - Knowledge - INFO - worker kw6 pull /home/prasanth/projects/kavia/graphnode-backend-api/data/T0005/644038/b90250b/chatnest-644038/frontend/src/components/ui/badge.tsx from ingest queue
2025-08-22 12:17:06,550 - Knowledge - INFO - worker kw5 pull /home/prasanth/projects/kavia/graphnode-backend-api/data/T0005/644038/b90250b/chatnest-644038/frontend/src/components/ui/use-toast.ts from ingest queue
2025-08-22 12:17:06,551 - Knowledge - INFO - adding /home/prasanth/projects/kavia/graphnode-backend-api/data/T0005/644038/b90250b/chatnest-644038/frontend/src/components/ui/calendar.tsx to ingest queue
2025-08-22 12:17:06,552 - Knowledge - INFO - worker kw4 pull /home/prasanth/projects/kavia/graphnode-backend-api/data/T0005/644038/b90250b/chatnest-644038/frontend/src/components/ui/accordion.tsx from ingest queue
2025-08-22 12:17:06,564 - Knowledge - INFO - process ingested knowledge for /home/prasanth/projects/kavia/graphnode-backend-api/data/T0005/644038/b90250b/chatnest-644038/frontend/src/components/ui/toast.tsx
2025-08-22 12:17:06,572 - Knowledge - INFO - Found code-base-name: https://github.com/kavia-common/chatnest-644038.git:kavia-master
2025-08-22 12:17:06,573 - Knowledge - INFO - Found code_base: <app.utils.kg_build.knowledge.KnowledgeCodeBase object at 0x78b362ec1730>
2025-08-22 12:17:06,573 - Knowledge - INFO - persist ingested knowledge for /home/prasanth/projects/kavia/graphnode-backend-api/data/T0005/644038/b90250b/chatnest-644038/frontend/src/components/ui/toast.tsx
2025-08-22 12:17:06,593 - Knowledge - INFO - process ingested knowledge for /home/prasanth/projects/kavia/graphnode-backend-api/data/T0005/644038/b90250b/chatnest-644038/frontend/src/components/ui/use-toast.ts
2025-08-22 12:17:06,594 - Knowledge - INFO - process ingested knowledge for /home/prasanth/projects/kavia/graphnode-backend-api/data/T0005/644038/b90250b/chatnest-644038/frontend/src/components/ui/badge.tsx
2025-08-22 12:17:06,594 - Knowledge - INFO - process ingested knowledge for /home/prasanth/projects/kavia/graphnode-backend-api/data/T0005/644038/b90250b/chatnest-644038/frontend/src/components/ui/accordion.tsx
2025-08-22 12:17:06,595 - Knowledge - INFO - process ingested knowledge for /home/prasanth/projects/kavia/graphnode-backend-api/data/T0005/644038/b90250b/chatnest-644038/frontend/src/components/ui/command.tsx
2025-08-22 12:17:06,599 - Knowledge - INFO - adding /home/prasanth/projects/kavia/graphnode-backend-api/data/T0005/644038/b90250b/chatnest-644038/frontend/src/components/ui/tabs.tsx to ingest queue
2025-08-22 12:17:06,599 - Knowledge - INFO - Found code-base-name: https://github.com/kavia-common/chatnest-644038.git:kavia-master
2025-08-22 12:17:06,600 - Knowledge - INFO - Found code_base: <app.utils.kg_build.knowledge.KnowledgeCodeBase object at 0x78b362ec1730>
2025-08-22 12:17:06,600 - Knowledge - INFO - persist ingested knowledge for /home/prasanth/projects/kavia/graphnode-backend-api/data/T0005/644038/b90250b/chatnest-644038/frontend/src/components/ui/accordion.tsx
2025-08-22 12:17:06,600 - Knowledge - INFO - Found code-base-name: https://github.com/kavia-common/chatnest-644038.git:kavia-master
2025-08-22 12:17:06,600 - Knowledge - INFO - Found code_base: <app.utils.kg_build.knowledge.KnowledgeCodeBase object at 0x78b362ec1730>
2025-08-22 12:17:06,600 - Knowledge - INFO - persist ingested knowledge for /home/prasanth/projects/kavia/graphnode-backend-api/data/T0005/644038/b90250b/chatnest-644038/frontend/src/components/ui/command.tsx
2025-08-22 12:17:06,600 - Knowledge - INFO - Found code-base-name: https://github.com/kavia-common/chatnest-644038.git:kavia-master
2025-08-22 12:17:06,600 - Knowledge - INFO - Found code_base: <app.utils.kg_build.knowledge.KnowledgeCodeBase object at 0x78b362ec1730>
2025-08-22 12:17:06,600 - Knowledge - INFO - persist ingested knowledge for /home/prasanth/projects/kavia/graphnode-backend-api/data/T0005/644038/b90250b/chatnest-644038/frontend/src/components/ui/use-toast.ts
2025-08-22 12:17:06,600 - Knowledge - INFO - worker kw1 pull /home/prasanth/projects/kavia/graphnode-backend-api/data/T0005/644038/b90250b/chatnest-644038/frontend/src/components/ui/collapsible.tsx from ingest queue
2025-08-22 12:17:06,601 - Knowledge - INFO - Found code-base-name: https://github.com/kavia-common/chatnest-644038.git:kavia-master
2025-08-22 12:17:06,601 - Knowledge - INFO - Found code_base: <app.utils.kg_build.knowledge.KnowledgeCodeBase object at 0x78b362ec1730>
2025-08-22 12:17:06,601 - Knowledge - INFO - persist ingested knowledge for /home/prasanth/projects/kavia/graphnode-backend-api/data/T0005/644038/b90250b/chatnest-644038/frontend/src/components/ui/badge.tsx
2025-08-22 12:17:06,602 - Knowledge - INFO - adding /home/prasanth/projects/kavia/graphnode-backend-api/data/T0005/644038/b90250b/chatnest-644038/frontend/src/components/ui/toast.tsx to ingest queue
2025-08-22 12:17:06,620 - Knowledge - INFO - worker kw7 created with dedicated MongoDB connection (total: 7)
2025-08-22 12:17:06,621 - Knowledge - INFO - knowledge worker kw7 start
2025-08-22 12:17:06,636 - Knowledge - INFO - process ingested knowledge for /home/prasanth/projects/kavia/graphnode-backend-api/data/T0005/644038/b90250b/chatnest-644038/frontend/src/components/ui/collapsible.tsx
2025-08-22 12:17:06,687 - Knowledge - INFO - worker kw2 pull /home/prasanth/projects/kavia/graphnode-backend-api/data/T0005/644038/b90250b/chatnest-644038/frontend/src/components/ui/radio-group.tsx from ingest queue
2025-08-22 12:17:06,687 - Knowledge - INFO - adding /home/prasanth/projects/kavia/graphnode-backend-api/data/T0005/644038/b90250b/chatnest-644038/frontend/src/components/ui/accordion.tsx to ingest queue
2025-08-22 12:17:06,688 - Knowledge - INFO - worker kw7 pull /home/prasanth/projects/kavia/graphnode-backend-api/data/T0005/644038/b90250b/chatnest-644038/frontend/src/components/ui/button.tsx from ingest queue
2025-08-22 12:17:06,689 - Knowledge - INFO - adding /home/prasanth/projects/kavia/graphnode-backend-api/data/T0005/644038/b90250b/chatnest-644038/frontend/src/components/ui/use-toast.ts to ingest queue
2025-08-22 12:17:06,689 - Knowledge - INFO - adding /home/prasanth/projects/kavia/graphnode-backend-api/data/T0005/644038/b90250b/chatnest-644038/frontend/src/components/ui/badge.tsx to ingest queue
2025-08-22 12:17:06,690 - Knowledge - INFO - Found code-base-name: https://github.com/kavia-common/chatnest-644038.git:kavia-master
2025-08-22 12:17:06,690 - Knowledge - INFO - Found code_base: <app.utils.kg_build.knowledge.KnowledgeCodeBase object at 0x78b362ec1730>
2025-08-22 12:17:06,690 - Knowledge - INFO - persist ingested knowledge for /home/prasanth/projects/kavia/graphnode-backend-api/data/T0005/644038/b90250b/chatnest-644038/frontend/src/components/ui/collapsible.tsx
2025-08-22 12:17:06,690 - Knowledge - INFO - worker kw4 pull /home/prasanth/projects/kavia/graphnode-backend-api/data/T0005/644038/b90250b/chatnest-644038/frontend/src/components/ui/dropdown-menu.tsx from ingest queue
2025-08-22 12:17:06,693 - Knowledge - INFO - worker kw5 pull /home/prasanth/projects/kavia/graphnode-backend-api/data/T0005/644038/b90250b/chatnest-644038/frontend/src/components/ui/alert-dialog.tsx from ingest queue
2025-08-22 12:17:06,694 - Knowledge - INFO - adding /home/prasanth/projects/kavia/graphnode-backend-api/data/T0005/644038/b90250b/chatnest-644038/frontend/src/components/ui/command.tsx to ingest queue
2025-08-22 12:17:06,695 - Knowledge - INFO - worker kw6 pull /home/prasanth/projects/kavia/graphnode-backend-api/data/T0005/644038/b90250b/chatnest-644038/frontend/src/components/ui/toggle-group.tsx from ingest queue
2025-08-22 12:17:06,695 - Knowledge - INFO - worker kw3 pull /home/prasanth/projects/kavia/graphnode-backend-api/data/T0005/644038/b90250b/chatnest-644038/frontend/src/components/ui/input.tsx from ingest queue
2025-08-22 12:17:06,731 - Knowledge - INFO - adding /home/prasanth/projects/kavia/graphnode-backend-api/data/T0005/644038/b90250b/chatnest-644038/frontend/src/components/ui/collapsible.tsx to ingest queue
2025-08-22 12:17:06,731 - Knowledge - INFO - worker kw1 pull /home/prasanth/projects/kavia/graphnode-backend-api/data/T0005/644038/b90250b/chatnest-644038/frontend/src/components/ui/select.tsx from ingest queue
2025-08-22 12:17:06,746 - Knowledge - INFO - process ingested knowledge for /home/prasanth/projects/kavia/graphnode-backend-api/data/T0005/644038/b90250b/chatnest-644038/frontend/src/components/ui/radio-group.tsx
2025-08-22 12:17:06,748 - Knowledge - INFO - process ingested knowledge for /home/prasanth/projects/kavia/graphnode-backend-api/data/T0005/644038/b90250b/chatnest-644038/frontend/src/components/ui/button.tsx
2025-08-22 12:17:06,750 - Knowledge - INFO - process ingested knowledge for /home/prasanth/projects/kavia/graphnode-backend-api/data/T0005/644038/b90250b/chatnest-644038/frontend/src/components/ui/toggle-group.tsx
2025-08-22 12:17:06,751 - Knowledge - INFO - process ingested knowledge for /home/prasanth/projects/kavia/graphnode-backend-api/data/T0005/644038/b90250b/chatnest-644038/frontend/src/components/ui/dropdown-menu.tsx
2025-08-22 12:17:06,751 - Knowledge - INFO - Found code-base-name: https://github.com/kavia-common/chatnest-644038.git:kavia-master
2025-08-22 12:17:06,751 - Knowledge - INFO - Found code_base: <app.utils.kg_build.knowledge.KnowledgeCodeBase object at 0x78b362ec1730>
2025-08-22 12:17:06,751 - Knowledge - INFO - persist ingested knowledge for /home/prasanth/projects/kavia/graphnode-backend-api/data/T0005/644038/b90250b/chatnest-644038/frontend/src/components/ui/button.tsx
2025-08-22 12:17:06,752 - Knowledge - INFO - process ingested knowledge for /home/prasanth/projects/kavia/graphnode-backend-api/data/T0005/644038/b90250b/chatnest-644038/frontend/src/components/ui/input.tsx
2025-08-22 12:17:06,752 - Knowledge - INFO - process ingested knowledge for /home/prasanth/projects/kavia/graphnode-backend-api/data/T0005/644038/b90250b/chatnest-644038/frontend/src/components/ui/alert-dialog.tsx
2025-08-22 12:17:06,762 - Knowledge - INFO - process ingested knowledge for /home/prasanth/projects/kavia/graphnode-backend-api/data/T0005/644038/b90250b/chatnest-644038/frontend/src/components/ui/select.tsx
2025-08-22 12:17:06,771 - Knowledge - INFO - Found code-base-name: https://github.com/kavia-common/chatnest-644038.git:kavia-master
2025-08-22 12:17:06,772 - Knowledge - INFO - Found code_base: <app.utils.kg_build.knowledge.KnowledgeCodeBase object at 0x78b362ec1730>
2025-08-22 12:17:06,772 - Knowledge - INFO - persist ingested knowledge for /home/prasanth/projects/kavia/graphnode-backend-api/data/T0005/644038/b90250b/chatnest-644038/frontend/src/components/ui/radio-group.tsx
2025-08-22 12:17:06,772 - Knowledge - INFO - Found code-base-name: https://github.com/kavia-common/chatnest-644038.git:kavia-master
2025-08-22 12:17:06,772 - Knowledge - INFO - Found code_base: <app.utils.kg_build.knowledge.KnowledgeCodeBase object at 0x78b362ec1730>
2025-08-22 12:17:06,772 - Knowledge - INFO - persist ingested knowledge for /home/prasanth/projects/kavia/graphnode-backend-api/data/T0005/644038/b90250b/chatnest-644038/frontend/src/components/ui/toggle-group.tsx
2025-08-22 12:17:06,772 - Knowledge - INFO - Found code-base-name: https://github.com/kavia-common/chatnest-644038.git:kavia-master
2025-08-22 12:17:06,772 - Knowledge - INFO - Found code_base: <app.utils.kg_build.knowledge.KnowledgeCodeBase object at 0x78b362ec1730>
2025-08-22 12:17:06,772 - Knowledge - INFO - persist ingested knowledge for /home/prasanth/projects/kavia/graphnode-backend-api/data/T0005/644038/b90250b/chatnest-644038/frontend/src/components/ui/input.tsx
2025-08-22 12:17:06,773 - Knowledge - INFO - Found code-base-name: https://github.com/kavia-common/chatnest-644038.git:kavia-master
2025-08-22 12:17:06,774 - Knowledge - INFO - Found code_base: <app.utils.kg_build.knowledge.KnowledgeCodeBase object at 0x78b362ec1730>
2025-08-22 12:17:06,774 - Knowledge - INFO - persist ingested knowledge for /home/prasanth/projects/kavia/graphnode-backend-api/data/T0005/644038/b90250b/chatnest-644038/frontend/src/components/ui/dropdown-menu.tsx
2025-08-22 12:17:06,774 - Knowledge - INFO - Found code-base-name: https://github.com/kavia-common/chatnest-644038.git:kavia-master
2025-08-22 12:17:06,774 - Knowledge - INFO - Found code_base: <app.utils.kg_build.knowledge.KnowledgeCodeBase object at 0x78b362ec1730>
2025-08-22 12:17:06,774 - Knowledge - INFO - persist ingested knowledge for /home/prasanth/projects/kavia/graphnode-backend-api/data/T0005/644038/b90250b/chatnest-644038/frontend/src/components/ui/alert-dialog.tsx
2025-08-22 12:17:06,775 - Knowledge - INFO - Found code-base-name: https://github.com/kavia-common/chatnest-644038.git:kavia-master
2025-08-22 12:17:06,775 - Knowledge - INFO - Found code_base: <app.utils.kg_build.knowledge.KnowledgeCodeBase object at 0x78b362ec1730>
2025-08-22 12:17:06,775 - Knowledge - INFO - persist ingested knowledge for /home/prasanth/projects/kavia/graphnode-backend-api/data/T0005/644038/b90250b/chatnest-644038/frontend/src/components/ui/select.tsx
2025-08-22 12:17:06,797 - Knowledge - INFO - adding /home/prasanth/projects/kavia/graphnode-backend-api/data/T0005/644038/b90250b/chatnest-644038/frontend/src/components/ui/button.tsx to ingest queue
2025-08-22 12:17:06,847 - Knowledge - INFO - worker kw8 created with dedicated MongoDB connection (total: 8)
2025-08-22 12:17:06,848 - Knowledge - INFO - knowledge worker kw8 start
2025-08-22 12:17:06,885 - Knowledge - INFO - worker kw7 pull /home/prasanth/projects/kavia/graphnode-backend-api/data/T0005/644038/b90250b/chatnest-644038/frontend/src/components/ui/skeleton.tsx from ingest queue
2025-08-22 12:17:06,886 - Knowledge - INFO - adding /home/prasanth/projects/kavia/graphnode-backend-api/data/T0005/644038/b90250b/chatnest-644038/frontend/src/components/ui/toggle-group.tsx to ingest queue
2025-08-22 12:17:06,887 - Knowledge - INFO - adding /home/prasanth/projects/kavia/graphnode-backend-api/data/T0005/644038/b90250b/chatnest-644038/frontend/src/components/ui/input.tsx to ingest queue
2025-08-22 12:17:06,887 - Knowledge - INFO - worker kw3 pull /home/prasanth/projects/kavia/graphnode-backend-api/data/T0005/644038/b90250b/chatnest-644038/frontend/src/components/ui/drawer.tsx from ingest queue
2025-08-22 12:17:06,887 - Knowledge - INFO - adding /home/prasanth/projects/kavia/graphnode-backend-api/data/T0005/644038/b90250b/chatnest-644038/frontend/src/components/ui/dropdown-menu.tsx to ingest queue
2025-08-22 12:17:06,888 - Knowledge - INFO - worker kw8 pull /home/prasanth/projects/kavia/graphnode-backend-api/data/T0005/644038/b90250b/chatnest-644038/frontend/src/components/ui/sheet.tsx from ingest queue
2025-08-22 12:17:06,889 - Knowledge - INFO - adding /home/prasanth/projects/kavia/graphnode-backend-api/data/T0005/644038/b90250b/chatnest-644038/frontend/src/components/ui/select.tsx to ingest queue
2025-08-22 12:17:06,889 - Knowledge - INFO - adding /home/prasanth/projects/kavia/graphnode-backend-api/data/T0005/644038/b90250b/chatnest-644038/frontend/src/components/ui/alert-dialog.tsx to ingest queue
2025-08-22 12:17:06,889 - Knowledge - INFO - worker kw4 pull /home/prasanth/projects/kavia/graphnode-backend-api/data/T0005/644038/b90250b/chatnest-644038/frontend/src/components/ui/menubar.tsx from ingest queue
2025-08-22 12:17:06,892 - Knowledge - INFO - adding /home/prasanth/projects/kavia/graphnode-backend-api/data/T0005/644038/b90250b/chatnest-644038/frontend/src/components/ui/radio-group.tsx to ingest queue
2025-08-22 12:17:06,893 - Knowledge - INFO - worker kw1 pull /home/prasanth/projects/kavia/graphnode-backend-api/data/T0005/644038/b90250b/chatnest-644038/frontend/src/components/ui/checkbox.tsx from ingest queue
2025-08-22 12:17:06,894 - Knowledge - INFO - worker kw6 pull /home/prasanth/projects/kavia/graphnode-backend-api/data/T0005/644038/b90250b/chatnest-644038/frontend/src/components/ui/pagination.tsx from ingest queue
2025-08-22 12:17:06,895 - Knowledge - INFO - worker kw5 pull /home/prasanth/projects/kavia/graphnode-backend-api/data/T0005/644038/b90250b/chatnest-644038/frontend/src/components/ui/sonner.tsx from ingest queue
2025-08-22 12:17:06,895 - Knowledge - INFO - worker kw2 pull /home/prasanth/projects/kavia/graphnode-backend-api/data/T0005/644038/b90250b/chatnest-644038/frontend/src/components/ui/popover.tsx from ingest queue
2025-08-22 12:17:06,943 - Knowledge - INFO - process ingested knowledge for /home/prasanth/projects/kavia/graphnode-backend-api/data/T0005/644038/b90250b/chatnest-644038/frontend/src/components/ui/pagination.tsx
2025-08-22 12:17:06,944 - Knowledge - INFO - process ingested knowledge for /home/prasanth/projects/kavia/graphnode-backend-api/data/T0005/644038/b90250b/chatnest-644038/frontend/src/components/ui/skeleton.tsx
2025-08-22 12:17:06,945 - Knowledge - INFO - process ingested knowledge for /home/prasanth/projects/kavia/graphnode-backend-api/data/T0005/644038/b90250b/chatnest-644038/frontend/src/components/ui/menubar.tsx
2025-08-22 12:17:06,947 - Knowledge - INFO - process ingested knowledge for /home/prasanth/projects/kavia/graphnode-backend-api/data/T0005/644038/b90250b/chatnest-644038/frontend/src/components/ui/sheet.tsx
2025-08-22 12:17:06,948 - Knowledge - INFO - process ingested knowledge for /home/prasanth/projects/kavia/graphnode-backend-api/data/T0005/644038/b90250b/chatnest-644038/frontend/src/components/ui/drawer.tsx
2025-08-22 12:17:06,948 - Knowledge - INFO - process ingested knowledge for /home/prasanth/projects/kavia/graphnode-backend-api/data/T0005/644038/b90250b/chatnest-644038/frontend/src/components/ui/sonner.tsx
2025-08-22 12:17:06,948 - Knowledge - INFO - process ingested knowledge for /home/prasanth/projects/kavia/graphnode-backend-api/data/T0005/644038/b90250b/chatnest-644038/frontend/src/components/ui/checkbox.tsx
2025-08-22 12:17:06,949 - Knowledge - INFO - Found code-base-name: https://github.com/kavia-common/chatnest-644038.git:kavia-master
2025-08-22 12:17:06,949 - Knowledge - INFO - Found code_base: <app.utils.kg_build.knowledge.KnowledgeCodeBase object at 0x78b362ec1730>
2025-08-22 12:17:06,949 - Knowledge - INFO - persist ingested knowledge for /home/prasanth/projects/kavia/graphnode-backend-api/data/T0005/644038/b90250b/chatnest-644038/frontend/src/components/ui/pagination.tsx
2025-08-22 12:17:06,954 - Knowledge - INFO - process ingested knowledge for /home/prasanth/projects/kavia/graphnode-backend-api/data/T0005/644038/b90250b/chatnest-644038/frontend/src/components/ui/popover.tsx
2025-08-22 12:17:06,971 - Knowledge - INFO - Found code-base-name: https://github.com/kavia-common/chatnest-644038.git:kavia-master
2025-08-22 12:17:06,972 - Knowledge - INFO - Found code_base: <app.utils.kg_build.knowledge.KnowledgeCodeBase object at 0x78b362ec1730>
2025-08-22 12:17:06,972 - Knowledge - INFO - persist ingested knowledge for /home/prasanth/projects/kavia/graphnode-backend-api/data/T0005/644038/b90250b/chatnest-644038/frontend/src/components/ui/skeleton.tsx
2025-08-22 12:17:06,972 - Knowledge - INFO - Found code-base-name: https://github.com/kavia-common/chatnest-644038.git:kavia-master
2025-08-22 12:17:06,973 - Knowledge - INFO - Found code_base: <app.utils.kg_build.knowledge.KnowledgeCodeBase object at 0x78b362ec1730>
2025-08-22 12:17:06,973 - Knowledge - INFO - persist ingested knowledge for /home/prasanth/projects/kavia/graphnode-backend-api/data/T0005/644038/b90250b/chatnest-644038/frontend/src/components/ui/sonner.tsx
2025-08-22 12:17:06,973 - Knowledge - INFO - Found code-base-name: https://github.com/kavia-common/chatnest-644038.git:kavia-master
2025-08-22 12:17:06,973 - Knowledge - INFO - Found code_base: <app.utils.kg_build.knowledge.KnowledgeCodeBase object at 0x78b362ec1730>
2025-08-22 12:17:06,973 - Knowledge - INFO - persist ingested knowledge for /home/prasanth/projects/kavia/graphnode-backend-api/data/T0005/644038/b90250b/chatnest-644038/frontend/src/components/ui/drawer.tsx
2025-08-22 12:17:06,974 - Knowledge - INFO - Found code-base-name: https://github.com/kavia-common/chatnest-644038.git:kavia-master
2025-08-22 12:17:06,974 - Knowledge - INFO - Found code_base: <app.utils.kg_build.knowledge.KnowledgeCodeBase object at 0x78b362ec1730>
2025-08-22 12:17:06,974 - Knowledge - INFO - persist ingested knowledge for /home/prasanth/projects/kavia/graphnode-backend-api/data/T0005/644038/b90250b/chatnest-644038/frontend/src/components/ui/checkbox.tsx
2025-08-22 12:17:06,975 - Knowledge - INFO - Found code-base-name: https://github.com/kavia-common/chatnest-644038.git:kavia-master
2025-08-22 12:17:06,975 - Knowledge - INFO - Found code_base: <app.utils.kg_build.knowledge.KnowledgeCodeBase object at 0x78b362ec1730>
2025-08-22 12:17:06,975 - Knowledge - INFO - persist ingested knowledge for /home/prasanth/projects/kavia/graphnode-backend-api/data/T0005/644038/b90250b/chatnest-644038/frontend/src/components/ui/sheet.tsx
2025-08-22 12:17:06,975 - Knowledge - INFO - Found code-base-name: https://github.com/kavia-common/chatnest-644038.git:kavia-master
2025-08-22 12:17:06,975 - Knowledge - INFO - Found code_base: <app.utils.kg_build.knowledge.KnowledgeCodeBase object at 0x78b362ec1730>
2025-08-22 12:17:06,976 - Knowledge - INFO - persist ingested knowledge for /home/prasanth/projects/kavia/graphnode-backend-api/data/T0005/644038/b90250b/chatnest-644038/frontend/src/components/ui/menubar.tsx
2025-08-22 12:17:06,976 - Knowledge - INFO - Found code-base-name: https://github.com/kavia-common/chatnest-644038.git:kavia-master
2025-08-22 12:17:06,976 - Knowledge - INFO - Found code_base: <app.utils.kg_build.knowledge.KnowledgeCodeBase object at 0x78b362ec1730>
2025-08-22 12:17:06,976 - Knowledge - INFO - persist ingested knowledge for /home/prasanth/projects/kavia/graphnode-backend-api/data/T0005/644038/b90250b/chatnest-644038/frontend/src/components/ui/popover.tsx
2025-08-22 12:17:06,996 - Knowledge - INFO - adding /home/prasanth/projects/kavia/graphnode-backend-api/data/T0005/644038/b90250b/chatnest-644038/frontend/src/components/ui/pagination.tsx to ingest queue
2025-08-22 12:17:07,074 - Knowledge - INFO - worker kw9 created with dedicated MongoDB connection (total: 9)
2025-08-22 12:17:07,076 - Knowledge - INFO - knowledge worker kw9 start
2025-08-22 12:17:07,092 - Knowledge - INFO - worker kw6 pull /home/prasanth/projects/kavia/graphnode-backend-api/data/T0005/644038/b90250b/chatnest-644038/frontend/src/components/ui/sidebar.tsx from ingest queue
2025-08-22 12:17:07,114 - Knowledge - INFO - adding /home/prasanth/projects/kavia/graphnode-backend-api/data/T0005/644038/b90250b/chatnest-644038/frontend/src/components/ui/skeleton.tsx to ingest queue
2025-08-22 12:17:07,116 - Knowledge - INFO - adding /home/prasanth/projects/kavia/graphnode-backend-api/data/T0005/644038/b90250b/chatnest-644038/frontend/src/components/ui/sonner.tsx to ingest queue
2025-08-22 12:17:07,116 - Knowledge - INFO - worker kw5 pull /home/prasanth/projects/kavia/graphnode-backend-api/data/T0005/644038/b90250b/chatnest-644038/frontend/src/components/ui/progress.tsx from ingest queue
2025-08-22 12:17:07,117 - Knowledge - INFO - worker kw9 pull /home/prasanth/projects/kavia/graphnode-backend-api/data/T0005/644038/b90250b/chatnest-644038/frontend/src/components/ui/label.tsx from ingest queue
2025-08-22 12:17:07,120 - Knowledge - INFO - adding /home/prasanth/projects/kavia/graphnode-backend-api/data/T0005/644038/b90250b/chatnest-644038/frontend/src/components/ui/popover.tsx to ingest queue
2025-08-22 12:17:07,120 - Knowledge - INFO - worker kw2 pull /home/prasanth/projects/kavia/graphnode-backend-api/data/T0005/644038/b90250b/chatnest-644038/frontend/src/components/ui/avatar.tsx from ingest queue
2025-08-22 12:17:07,121 - Knowledge - INFO - adding /home/prasanth/projects/kavia/graphnode-backend-api/data/T0005/644038/b90250b/chatnest-644038/frontend/src/components/ui/checkbox.tsx to ingest queue
2025-08-22 12:17:07,122 - Knowledge - INFO - adding /home/prasanth/projects/kavia/graphnode-backend-api/data/T0005/644038/b90250b/chatnest-644038/frontend/src/components/ui/sheet.tsx to ingest queue
2025-08-22 12:17:07,126 - Knowledge - INFO - worker kw7 pull /home/prasanth/projects/kavia/graphnode-backend-api/data/T0005/644038/b90250b/chatnest-644038/frontend/src/components/ui/input-otp.tsx from ingest queue
2025-08-22 12:17:07,128 - Knowledge - INFO - adding /home/prasanth/projects/kavia/graphnode-backend-api/data/T0005/644038/b90250b/chatnest-644038/frontend/src/components/ui/drawer.tsx to ingest queue
2025-08-22 12:17:07,129 - Knowledge - INFO - worker kw1 pull /home/prasanth/projects/kavia/graphnode-backend-api/data/T0005/644038/b90250b/chatnest-644038/frontend/src/components/ui/hover-card.tsx from ingest queue
2025-08-22 12:17:07,131 - Knowledge - INFO - adding /home/prasanth/projects/kavia/graphnode-backend-api/data/T0005/644038/b90250b/chatnest-644038/frontend/src/components/ui/menubar.tsx to ingest queue
2025-08-22 12:17:07,132 - Knowledge - INFO - worker kw8 pull /home/prasanth/projects/kavia/graphnode-backend-api/data/T0005/644038/b90250b/chatnest-644038/frontend/src/components/ui/breadcrumb.tsx from ingest queue
2025-08-22 12:17:07,133 - Knowledge - INFO - worker kw3 pull /home/prasanth/projects/kavia/graphnode-backend-api/data/T0005/644038/b90250b/chatnest-644038/frontend/src/components/ui/slider.tsx from ingest queue
2025-08-22 12:17:07,134 - Knowledge - INFO - worker kw4 pull /home/prasanth/projects/kavia/graphnode-backend-api/data/T0005/644038/b90250b/chatnest-644038/frontend/src/components/ui/carousel.tsx from ingest queue
2025-08-22 12:17:07,147 - Knowledge - INFO - process ingested knowledge for /home/prasanth/projects/kavia/graphnode-backend-api/data/T0005/644038/b90250b/chatnest-644038/frontend/src/components/ui/sidebar.tsx
2025-08-22 12:17:07,153 - Knowledge - INFO - Found code-base-name: https://github.com/kavia-common/chatnest-644038.git:kavia-master
2025-08-22 12:17:07,153 - Knowledge - INFO - Found code_base: <app.utils.kg_build.knowledge.KnowledgeCodeBase object at 0x78b362ec1730>
2025-08-22 12:17:07,153 - Knowledge - INFO - persist ingested knowledge for /home/prasanth/projects/kavia/graphnode-backend-api/data/T0005/644038/b90250b/chatnest-644038/frontend/src/components/ui/sidebar.tsx
2025-08-22 12:17:07,167 - Knowledge - INFO - process ingested knowledge for /home/prasanth/projects/kavia/graphnode-backend-api/data/T0005/644038/b90250b/chatnest-644038/frontend/src/components/ui/label.tsx
2025-08-22 12:17:07,172 - Knowledge - INFO - process ingested knowledge for /home/prasanth/projects/kavia/graphnode-backend-api/data/T0005/644038/b90250b/chatnest-644038/frontend/src/components/ui/avatar.tsx
2025-08-22 12:17:07,175 - Knowledge - INFO - process ingested knowledge for /home/prasanth/projects/kavia/graphnode-backend-api/data/T0005/644038/b90250b/chatnest-644038/frontend/src/components/ui/progress.tsx
2025-08-22 12:17:07,176 - Knowledge - INFO - Found code-base-name: https://github.com/kavia-common/chatnest-644038.git:kavia-master
2025-08-22 12:17:07,177 - Knowledge - INFO - Found code_base: <app.utils.kg_build.knowledge.KnowledgeCodeBase object at 0x78b362ec1730>
2025-08-22 12:17:07,177 - Knowledge - INFO - persist ingested knowledge for /home/prasanth/projects/kavia/graphnode-backend-api/data/T0005/644038/b90250b/chatnest-644038/frontend/src/components/ui/label.tsx
2025-08-22 12:17:07,178 - Knowledge - INFO - Found code-base-name: https://github.com/kavia-common/chatnest-644038.git:kavia-master
2025-08-22 12:17:07,179 - Knowledge - INFO - Found code_base: <app.utils.kg_build.knowledge.KnowledgeCodeBase object at 0x78b362ec1730>
2025-08-22 12:17:07,179 - Knowledge - INFO - persist ingested knowledge for /home/prasanth/projects/kavia/graphnode-backend-api/data/T0005/644038/b90250b/chatnest-644038/frontend/src/components/ui/avatar.tsx
2025-08-22 12:17:07,179 - Knowledge - INFO - Found code-base-name: https://github.com/kavia-common/chatnest-644038.git:kavia-master
2025-08-22 12:17:07,179 - Knowledge - INFO - Found code_base: <app.utils.kg_build.knowledge.KnowledgeCodeBase object at 0x78b362ec1730>
2025-08-22 12:17:07,179 - Knowledge - INFO - persist ingested knowledge for /home/prasanth/projects/kavia/graphnode-backend-api/data/T0005/644038/b90250b/chatnest-644038/frontend/src/components/ui/progress.tsx
2025-08-22 12:17:07,183 - Knowledge - INFO - process ingested knowledge for /home/prasanth/projects/kavia/graphnode-backend-api/data/T0005/644038/b90250b/chatnest-644038/frontend/src/components/ui/input-otp.tsx
2025-08-22 12:17:07,185 - Knowledge - INFO - process ingested knowledge for /home/prasanth/projects/kavia/graphnode-backend-api/data/T0005/644038/b90250b/chatnest-644038/frontend/src/components/ui/hover-card.tsx
2025-08-22 12:17:07,188 - Knowledge - INFO - process ingested knowledge for /home/prasanth/projects/kavia/graphnode-backend-api/data/T0005/644038/b90250b/chatnest-644038/frontend/src/components/ui/breadcrumb.tsx
2025-08-22 12:17:07,189 - Knowledge - INFO - process ingested knowledge for /home/prasanth/projects/kavia/graphnode-backend-api/data/T0005/644038/b90250b/chatnest-644038/frontend/src/components/ui/carousel.tsx
2025-08-22 12:17:07,194 - Knowledge - INFO - process ingested knowledge for /home/prasanth/projects/kavia/graphnode-backend-api/data/T0005/644038/b90250b/chatnest-644038/frontend/src/components/ui/slider.tsx
2025-08-22 12:17:07,203 - Knowledge - INFO - adding /home/prasanth/projects/kavia/graphnode-backend-api/data/T0005/644038/b90250b/chatnest-644038/frontend/src/components/ui/sidebar.tsx to ingest queue
2025-08-22 12:17:07,221 - Knowledge - INFO - Found code-base-name: https://github.com/kavia-common/chatnest-644038.git:kavia-master
2025-08-22 12:17:07,222 - Knowledge - INFO - Found code_base: <app.utils.kg_build.knowledge.KnowledgeCodeBase object at 0x78b362ec1730>
2025-08-22 12:17:07,222 - Knowledge - INFO - persist ingested knowledge for /home/prasanth/projects/kavia/graphnode-backend-api/data/T0005/644038/b90250b/chatnest-644038/frontend/src/components/ui/input-otp.tsx
2025-08-22 12:17:07,222 - Knowledge - INFO - Found code-base-name: https://github.com/kavia-common/chatnest-644038.git:kavia-master
2025-08-22 12:17:07,222 - Knowledge - INFO - Found code_base: <app.utils.kg_build.knowledge.KnowledgeCodeBase object at 0x78b362ec1730>
2025-08-22 12:17:07,222 - Knowledge - INFO - persist ingested knowledge for /home/prasanth/projects/kavia/graphnode-backend-api/data/T0005/644038/b90250b/chatnest-644038/frontend/src/components/ui/breadcrumb.tsx
2025-08-22 12:17:07,222 - Knowledge - INFO - Found code-base-name: https://github.com/kavia-common/chatnest-644038.git:kavia-master
2025-08-22 12:17:07,222 - Knowledge - INFO - Found code_base: <app.utils.kg_build.knowledge.KnowledgeCodeBase object at 0x78b362ec1730>
2025-08-22 12:17:07,222 - Knowledge - INFO - persist ingested knowledge for /home/prasanth/projects/kavia/graphnode-backend-api/data/T0005/644038/b90250b/chatnest-644038/frontend/src/components/ui/hover-card.tsx
2025-08-22 12:17:07,223 - Knowledge - INFO - Found code-base-name: https://github.com/kavia-common/chatnest-644038.git:kavia-master
2025-08-22 12:17:07,223 - Knowledge - INFO - Found code_base: <app.utils.kg_build.knowledge.KnowledgeCodeBase object at 0x78b362ec1730>
2025-08-22 12:17:07,223 - Knowledge - INFO - persist ingested knowledge for /home/prasanth/projects/kavia/graphnode-backend-api/data/T0005/644038/b90250b/chatnest-644038/frontend/src/components/ui/carousel.tsx
2025-08-22 12:17:07,223 - Knowledge - INFO - Found code-base-name: https://github.com/kavia-common/chatnest-644038.git:kavia-master
2025-08-22 12:17:07,223 - Knowledge - INFO - Found code_base: <app.utils.kg_build.knowledge.KnowledgeCodeBase object at 0x78b362ec1730>
2025-08-22 12:17:07,223 - Knowledge - INFO - persist ingested knowledge for /home/prasanth/projects/kavia/graphnode-backend-api/data/T0005/644038/b90250b/chatnest-644038/frontend/src/components/ui/slider.tsx
2025-08-22 12:17:07,223 - Knowledge - INFO - worker kw6 pull /home/prasanth/projects/kavia/graphnode-backend-api/data/T0005/644038/b90250b/chatnest-644038/frontend/src/components/ui/context-menu.tsx from ingest queue
2025-08-22 12:17:07,244 - Knowledge - INFO - adding /home/prasanth/projects/kavia/graphnode-backend-api/data/T0005/644038/b90250b/chatnest-644038/frontend/src/components/ui/label.tsx to ingest queue
2025-08-22 12:17:07,267 - Knowledge - INFO - process ingested knowledge for /home/prasanth/projects/kavia/graphnode-backend-api/data/T0005/644038/b90250b/chatnest-644038/frontend/src/components/ui/context-menu.tsx
2025-08-22 12:17:07,268 - Knowledge - INFO - adding /home/prasanth/projects/kavia/graphnode-backend-api/data/T0005/644038/b90250b/chatnest-644038/frontend/src/components/ui/avatar.tsx to ingest queue
2025-08-22 12:17:07,269 - Knowledge - INFO - worker kw2 pull /home/prasanth/projects/kavia/graphnode-backend-api/data/T0005/644038/b90250b/chatnest-644038/frontend/src/components/ui/card.tsx from ingest queue
2025-08-22 12:17:07,301 - Knowledge - INFO - worker kw10 created with dedicated MongoDB connection (total: 10)
2025-08-22 12:17:07,302 - Knowledge - INFO - knowledge worker kw10 start
2025-08-22 12:17:07,304 - Knowledge - INFO - adding /home/prasanth/projects/kavia/graphnode-backend-api/data/T0005/644038/b90250b/chatnest-644038/frontend/src/components/ui/progress.tsx to ingest queue
2025-08-22 12:17:07,305 - Knowledge - INFO - process ingested knowledge for /home/prasanth/projects/kavia/graphnode-backend-api/data/T0005/644038/b90250b/chatnest-644038/frontend/src/components/ui/card.tsx
2025-08-22 12:17:07,306 - Knowledge - INFO - worker kw9 pull /home/prasanth/projects/kavia/graphnode-backend-api/data/T0005/644038/b90250b/chatnest-644038/frontend/src/components/ui/form.tsx from ingest queue
2025-08-22 12:17:07,331 - Knowledge - INFO - adding /home/prasanth/projects/kavia/graphnode-backend-api/data/T0005/644038/b90250b/chatnest-644038/frontend/src/components/ui/input-otp.tsx to ingest queue
2025-08-22 12:17:07,331 - Knowledge - INFO - adding /home/prasanth/projects/kavia/graphnode-backend-api/data/T0005/644038/b90250b/chatnest-644038/frontend/src/components/ui/breadcrumb.tsx to ingest queue
2025-08-22 12:17:07,332 - Knowledge - INFO - adding /home/prasanth/projects/kavia/graphnode-backend-api/data/T0005/644038/b90250b/chatnest-644038/frontend/src/components/ui/slider.tsx to ingest queue
2025-08-22 12:17:07,332 - Knowledge - INFO - Found code-base-name: https://github.com/kavia-common/chatnest-644038.git:kavia-master
2025-08-22 12:17:07,332 - Knowledge - INFO - Found code_base: <app.utils.kg_build.knowledge.KnowledgeCodeBase object at 0x78b362ec1730>
2025-08-22 12:17:07,332 - Knowledge - INFO - persist ingested knowledge for /home/prasanth/projects/kavia/graphnode-backend-api/data/T0005/644038/b90250b/chatnest-644038/frontend/src/components/ui/context-menu.tsx
2025-08-22 12:17:07,332 - Knowledge - INFO - Found code-base-name: https://github.com/kavia-common/chatnest-644038.git:kavia-master
2025-08-22 12:17:07,332 - Knowledge - INFO - Found code_base: <app.utils.kg_build.knowledge.KnowledgeCodeBase object at 0x78b362ec1730>
2025-08-22 12:17:07,332 - Knowledge - INFO - persist ingested knowledge for /home/prasanth/projects/kavia/graphnode-backend-api/data/T0005/644038/b90250b/chatnest-644038/frontend/src/components/ui/card.tsx
2025-08-22 12:17:07,332 - Knowledge - INFO - worker kw10 pull /home/prasanth/projects/kavia/graphnode-backend-api/data/T0005/644038/b90250b/chatnest-644038/frontend/src/components/ui/table.tsx from ingest queue
2025-08-22 12:17:07,333 - Knowledge - INFO - worker kw7 pull /home/prasanth/projects/kavia/graphnode-backend-api/data/T0005/644038/b90250b/chatnest-644038/frontend/src/components/ui/resizable.tsx from ingest queue
2025-08-22 12:17:07,334 - Knowledge - INFO - adding /home/prasanth/projects/kavia/graphnode-backend-api/data/T0005/644038/b90250b/chatnest-644038/frontend/src/components/ui/hover-card.tsx to ingest queue
2025-08-22 12:17:07,335 - Knowledge - INFO - worker kw5 pull /home/prasanth/projects/kavia/graphnode-backend-api/data/T0005/644038/b90250b/chatnest-644038/frontend/src/components/ReadyToChatState.tsx from ingest queue
2025-08-22 12:17:07,350 - Knowledge - INFO - process ingested knowledge for /home/prasanth/projects/kavia/graphnode-backend-api/data/T0005/644038/b90250b/chatnest-644038/frontend/src/components/ui/form.tsx
2025-08-22 12:17:07,360 - Knowledge - INFO - worker kw3 pull /home/prasanth/projects/kavia/graphnode-backend-api/data/T0005/644038/b90250b/chatnest-644038/frontend/src/components/SettingsModal.tsx from ingest queue
2025-08-22 12:17:07,364 - Knowledge - INFO - process ingested knowledge for /home/prasanth/projects/kavia/graphnode-backend-api/data/T0005/644038/b90250b/chatnest-644038/frontend/src/components/ui/table.tsx
2025-08-22 12:17:07,365 - Knowledge - INFO - process ingested knowledge for /home/prasanth/projects/kavia/graphnode-backend-api/data/T0005/644038/b90250b/chatnest-644038/frontend/src/components/ui/resizable.tsx
2025-08-22 12:17:07,375 - Knowledge - INFO - process ingested knowledge for /home/prasanth/projects/kavia/graphnode-backend-api/data/T0005/644038/b90250b/chatnest-644038/frontend/src/components/ReadyToChatState.tsx
2025-08-22 12:17:07,411 - Knowledge - INFO - process ingested knowledge for /home/prasanth/projects/kavia/graphnode-backend-api/data/T0005/644038/b90250b/chatnest-644038/frontend/src/components/SettingsModal.tsx
2025-08-22 12:17:07,413 - Knowledge - INFO - worker kw1 pull /home/prasanth/projects/kavia/graphnode-backend-api/data/T0005/644038/b90250b/chatnest-644038/frontend/src/components/LoginPage.tsx from ingest queue
2025-08-22 12:17:07,414 - Knowledge - INFO - worker kw8 pull /home/prasanth/projects/kavia/graphnode-backend-api/data/T0005/644038/b90250b/chatnest-644038/frontend/src/components/ApiKeyInput.tsx from ingest queue
2025-08-22 12:17:07,414 - Knowledge - INFO - Found code-base-name: https://github.com/kavia-common/chatnest-644038.git:kavia-master
2025-08-22 12:17:07,414 - Knowledge - INFO - Found code_base: <app.utils.kg_build.knowledge.KnowledgeCodeBase object at 0x78b362ec1730>
2025-08-22 12:17:07,414 - Knowledge - INFO - persist ingested knowledge for /home/prasanth/projects/kavia/graphnode-backend-api/data/T0005/644038/b90250b/chatnest-644038/frontend/src/components/ui/form.tsx
2025-08-22 12:17:07,415 - Knowledge - INFO - adding /home/prasanth/projects/kavia/graphnode-backend-api/data/T0005/644038/b90250b/chatnest-644038/frontend/src/components/ui/carousel.tsx to ingest queue
2025-08-22 12:17:07,419 - Knowledge - INFO - Found code-base-name: https://github.com/kavia-common/chatnest-644038.git:kavia-master
2025-08-22 12:17:07,419 - Knowledge - INFO - Found code_base: <app.utils.kg_build.knowledge.KnowledgeCodeBase object at 0x78b362ec1730>
2025-08-22 12:17:07,419 - Knowledge - INFO - persist ingested knowledge for /home/prasanth/projects/kavia/graphnode-backend-api/data/T0005/644038/b90250b/chatnest-644038/frontend/src/components/ui/resizable.tsx
2025-08-22 12:17:07,420 - Knowledge - INFO - Found code-base-name: https://github.com/kavia-common/chatnest-644038.git:kavia-master
2025-08-22 12:17:07,420 - Knowledge - INFO - Found code_base: <app.utils.kg_build.knowledge.KnowledgeCodeBase object at 0x78b362ec1730>
2025-08-22 12:17:07,421 - Knowledge - INFO - persist ingested knowledge for /home/prasanth/projects/kavia/graphnode-backend-api/data/T0005/644038/b90250b/chatnest-644038/frontend/src/components/ReadyToChatState.tsx
2025-08-22 12:17:07,421 - Knowledge - INFO - adding /home/prasanth/projects/kavia/graphnode-backend-api/data/T0005/644038/b90250b/chatnest-644038/frontend/src/components/ui/context-menu.tsx to ingest queue
2025-08-22 12:17:07,422 - Knowledge - INFO - adding /home/prasanth/projects/kavia/graphnode-backend-api/data/T0005/644038/b90250b/chatnest-644038/frontend/src/components/ui/card.tsx to ingest queue
2025-08-22 12:17:07,423 - Knowledge - INFO - Found code-base-name: https://github.com/kavia-common/chatnest-644038.git:kavia-master
2025-08-22 12:17:07,424 - Knowledge - INFO - Found code_base: <app.utils.kg_build.knowledge.KnowledgeCodeBase object at 0x78b362ec1730>
2025-08-22 12:17:07,424 - Knowledge - INFO - persist ingested knowledge for /home/prasanth/projects/kavia/graphnode-backend-api/data/T0005/644038/b90250b/chatnest-644038/frontend/src/components/ui/table.tsx
2025-08-22 12:17:07,424 - Knowledge - INFO - Found code-base-name: https://github.com/kavia-common/chatnest-644038.git:kavia-master
2025-08-22 12:17:07,424 - Knowledge - INFO - Found code_base: <app.utils.kg_build.knowledge.KnowledgeCodeBase object at 0x78b362ec1730>
2025-08-22 12:17:07,424 - Knowledge - INFO - persist ingested knowledge for /home/prasanth/projects/kavia/graphnode-backend-api/data/T0005/644038/b90250b/chatnest-644038/frontend/src/components/SettingsModal.tsx
2025-08-22 12:17:07,471 - Knowledge - INFO - process ingested knowledge for /home/prasanth/projects/kavia/graphnode-backend-api/data/T0005/644038/b90250b/chatnest-644038/frontend/src/components/LoginPage.tsx
2025-08-22 12:17:07,473 - Knowledge - INFO - process ingested knowledge for /home/prasanth/projects/kavia/graphnode-backend-api/data/T0005/644038/b90250b/chatnest-644038/frontend/src/components/ApiKeyInput.tsx
2025-08-22 12:17:07,481 - Knowledge - INFO - worker kw6 pull /home/prasanth/projects/kavia/graphnode-backend-api/data/T0005/644038/b90250b/chatnest-644038/frontend/src/main.tsx from ingest queue
2025-08-22 12:17:07,503 - Knowledge - INFO - worker kw2 pull /home/prasanth/projects/kavia/graphnode-backend-api/data/T0005/644038/b90250b/chatnest-644038/frontend/src/vite-env.d.ts from ingest queue
2025-08-22 12:17:07,504 - Knowledge - INFO - worker kw4 pull /home/prasanth/projects/kavia/graphnode-backend-api/data/T0005/644038/b90250b/chatnest-644038/frontend/src/services/chatApiService.ts from ingest queue
2025-08-22 12:17:07,528 - Knowledge - INFO - process ingested knowledge for /home/prasanth/projects/kavia/graphnode-backend-api/data/T0005/644038/b90250b/chatnest-644038/frontend/src/main.tsx
2025-08-22 12:17:07,529 - Knowledge - INFO - worker kw11 created with dedicated MongoDB connection (total: 11)
2025-08-22 12:17:07,529 - Knowledge - INFO - knowledge worker kw11 start
2025-08-22 12:17:07,543 - Knowledge - INFO - process ingested knowledge for /home/prasanth/projects/kavia/graphnode-backend-api/data/T0005/644038/b90250b/chatnest-644038/frontend/src/vite-env.d.ts
2025-08-22 12:17:07,543 - Knowledge - INFO - process ingested knowledge for /home/prasanth/projects/kavia/graphnode-backend-api/data/T0005/644038/b90250b/chatnest-644038/frontend/src/services/chatApiService.ts
2025-08-22 12:17:07,555 - Knowledge - INFO - adding /home/prasanth/projects/kavia/graphnode-backend-api/data/T0005/644038/b90250b/chatnest-644038/frontend/src/components/ui/resizable.tsx to ingest queue
2025-08-22 12:17:07,556 - Knowledge - INFO - Found code-base-name: https://github.com/kavia-common/chatnest-644038.git:kavia-master
2025-08-22 12:17:07,556 - Knowledge - INFO - Found code_base: <app.utils.kg_build.knowledge.KnowledgeCodeBase object at 0x78b362ec1730>
2025-08-22 12:17:07,556 - Knowledge - INFO - persist ingested knowledge for /home/prasanth/projects/kavia/graphnode-backend-api/data/T0005/644038/b90250b/chatnest-644038/frontend/src/components/LoginPage.tsx
2025-08-22 12:17:07,556 - Knowledge - INFO - adding /home/prasanth/projects/kavia/graphnode-backend-api/data/T0005/644038/b90250b/chatnest-644038/frontend/src/components/ReadyToChatState.tsx to ingest queue
2025-08-22 12:17:07,556 - Knowledge - INFO - adding /home/prasanth/projects/kavia/graphnode-backend-api/data/T0005/644038/b90250b/chatnest-644038/frontend/src/components/ui/form.tsx to ingest queue
2025-08-22 12:17:07,557 - Knowledge - INFO - worker kw11 pull /home/prasanth/projects/kavia/graphnode-backend-api/data/T0005/644038/b90250b/chatnest-644038/frontend/src/services/authService.ts from ingest queue
2025-08-22 12:17:07,557 - Knowledge - INFO - Found code-base-name: https://github.com/kavia-common/chatnest-644038.git:kavia-master
2025-08-22 12:17:07,557 - Knowledge - INFO - Found code_base: <app.utils.kg_build.knowledge.KnowledgeCodeBase object at 0x78b362ec1730>
2025-08-22 12:17:07,557 - Knowledge - INFO - persist ingested knowledge for /home/prasanth/projects/kavia/graphnode-backend-api/data/T0005/644038/b90250b/chatnest-644038/frontend/src/services/chatApiService.ts
2025-08-22 12:17:07,558 - Knowledge - INFO - Found code-base-name: https://github.com/kavia-common/chatnest-644038.git:kavia-master
2025-08-22 12:17:07,558 - Knowledge - INFO - Found code_base: <app.utils.kg_build.knowledge.KnowledgeCodeBase object at 0x78b362ec1730>
2025-08-22 12:17:07,558 - Knowledge - INFO - persist ingested knowledge for /home/prasanth/projects/kavia/graphnode-backend-api/data/T0005/644038/b90250b/chatnest-644038/frontend/src/vite-env.d.ts
2025-08-22 12:17:07,558 - Knowledge - INFO - Found code-base-name: https://github.com/kavia-common/chatnest-644038.git:kavia-master
2025-08-22 12:17:07,558 - Knowledge - INFO - Found code_base: <app.utils.kg_build.knowledge.KnowledgeCodeBase object at 0x78b362ec1730>
2025-08-22 12:17:07,558 - Knowledge - INFO - persist ingested knowledge for /home/prasanth/projects/kavia/graphnode-backend-api/data/T0005/644038/b90250b/chatnest-644038/frontend/src/components/ApiKeyInput.tsx
2025-08-22 12:17:07,559 - Knowledge - INFO - worker kw7 pull /home/prasanth/projects/kavia/graphnode-backend-api/data/T0005/644038/b90250b/chatnest-644038/frontend/src/services/googleAiService.ts from ingest queue
2025-08-22 12:17:07,561 - Knowledge - INFO - adding /home/prasanth/projects/kavia/graphnode-backend-api/data/T0005/644038/b90250b/chatnest-644038/frontend/src/components/SettingsModal.tsx to ingest queue
2025-08-22 12:17:07,586 - Knowledge - INFO - worker kw5 pull /home/prasanth/projects/kavia/graphnode-backend-api/data/T0005/644038/b90250b/chatnest-644038/frontend/src/App.tsx from ingest queue
2025-08-22 12:17:07,588 - Knowledge - INFO - worker kw9 pull /home/prasanth/projects/kavia/graphnode-backend-api/data/T0005/644038/b90250b/chatnest-644038/frontend/src/pages/Index.tsx from ingest queue
2025-08-22 12:17:07,590 - Knowledge - INFO - adding /home/prasanth/projects/kavia/graphnode-backend-api/data/T0005/644038/b90250b/chatnest-644038/frontend/src/components/ui/table.tsx to ingest queue
2025-08-22 12:17:07,610 - Knowledge - INFO - process ingested knowledge for /home/prasanth/projects/kavia/graphnode-backend-api/data/T0005/644038/b90250b/chatnest-644038/frontend/src/services/authService.ts
2025-08-22 12:17:07,611 - Knowledge - INFO - process ingested knowledge for /home/prasanth/projects/kavia/graphnode-backend-api/data/T0005/644038/b90250b/chatnest-644038/frontend/src/services/googleAiService.ts
2025-08-22 12:17:07,621 - Knowledge - INFO - process ingested knowledge for /home/prasanth/projects/kavia/graphnode-backend-api/data/T0005/644038/b90250b/chatnest-644038/frontend/src/pages/Index.tsx
2025-08-22 12:17:07,622 - Knowledge - INFO - process ingested knowledge for /home/prasanth/projects/kavia/graphnode-backend-api/data/T0005/644038/b90250b/chatnest-644038/frontend/src/App.tsx
2025-08-22 12:17:07,657 - Knowledge - INFO - worker kw3 pull /home/prasanth/projects/kavia/graphnode-backend-api/data/T0005/644038/b90250b/chatnest-644038/frontend/src/pages/NotFound.tsx from ingest queue
2025-08-22 12:17:07,658 - Knowledge - INFO - Found code-base-name: https://github.com/kavia-common/chatnest-644038.git:kavia-master
2025-08-22 12:17:07,658 - Knowledge - INFO - Found code_base: <app.utils.kg_build.knowledge.KnowledgeCodeBase object at 0x78b362ec1730>
2025-08-22 12:17:07,658 - Knowledge - INFO - persist ingested knowledge for /home/prasanth/projects/kavia/graphnode-backend-api/data/T0005/644038/b90250b/chatnest-644038/frontend/src/main.tsx
2025-08-22 12:17:07,658 - Knowledge - INFO - adding /home/prasanth/projects/kavia/graphnode-backend-api/data/T0005/644038/b90250b/chatnest-644038/frontend/src/components/LoginPage.tsx to ingest queue
2025-08-22 12:17:07,659 - Knowledge - INFO - worker kw10 pull /home/prasanth/projects/kavia/graphnode-backend-api/data/T0005/644038/b90250b/chatnest-644038/frontend/tailwind.config.ts from ingest queue
2025-08-22 12:17:07,660 - Knowledge - INFO - Found code-base-name: https://github.com/kavia-common/chatnest-644038.git:kavia-master
2025-08-22 12:17:07,660 - Knowledge - INFO - Found code_base: <app.utils.kg_build.knowledge.KnowledgeCodeBase object at 0x78b362ec1730>
2025-08-22 12:17:07,660 - Knowledge - INFO - persist ingested knowledge for /home/prasanth/projects/kavia/graphnode-backend-api/data/T0005/644038/b90250b/chatnest-644038/frontend/src/services/googleAiService.ts
2025-08-22 12:17:07,660 - Knowledge - INFO - Found code-base-name: https://github.com/kavia-common/chatnest-644038.git:kavia-master
2025-08-22 12:17:07,660 - Knowledge - INFO - Found code_base: <app.utils.kg_build.knowledge.KnowledgeCodeBase object at 0x78b362ec1730>
2025-08-22 12:17:07,660 - Knowledge - INFO - persist ingested knowledge for /home/prasanth/projects/kavia/graphnode-backend-api/data/T0005/644038/b90250b/chatnest-644038/frontend/src/pages/Index.tsx
2025-08-22 12:17:07,661 - Knowledge - INFO - Found code-base-name: https://github.com/kavia-common/chatnest-644038.git:kavia-master
2025-08-22 12:17:07,661 - Knowledge - INFO - Found code_base: <app.utils.kg_build.knowledge.KnowledgeCodeBase object at 0x78b362ec1730>
2025-08-22 12:17:07,661 - Knowledge - INFO - persist ingested knowledge for /home/prasanth/projects/kavia/graphnode-backend-api/data/T0005/644038/b90250b/chatnest-644038/frontend/src/App.tsx
2025-08-22 12:17:07,661 - Knowledge - INFO - adding /home/prasanth/projects/kavia/graphnode-backend-api/data/T0005/644038/b90250b/chatnest-644038/frontend/src/vite-env.d.ts to ingest queue
2025-08-22 12:17:07,663 - Knowledge - INFO - adding /home/prasanth/projects/kavia/graphnode-backend-api/data/T0005/644038/b90250b/chatnest-644038/frontend/src/components/ApiKeyInput.tsx to ingest queue
2025-08-22 12:17:07,663 - Knowledge - INFO - worker kw1 pull /home/prasanth/projects/kavia/graphnode-backend-api/data/T0005/644038/b90250b/chatnest-644038/frontend/components.json from ingest queue
2025-08-22 12:17:07,664 - Knowledge - INFO - adding /home/prasanth/projects/kavia/graphnode-backend-api/data/T0005/644038/b90250b/chatnest-644038/frontend/src/services/chatApiService.ts to ingest queue
2025-08-22 12:17:07,671 - Knowledge - INFO - process ingested knowledge for /home/prasanth/projects/kavia/graphnode-backend-api/data/T0005/644038/b90250b/chatnest-644038/frontend/components.json
2025-08-22 12:17:07,688 - Knowledge - INFO - process ingested knowledge for /home/prasanth/projects/kavia/graphnode-backend-api/data/T0005/644038/b90250b/chatnest-644038/frontend/tailwind.config.ts
2025-08-22 12:17:07,691 - Knowledge - INFO - process ingested knowledge for /home/prasanth/projects/kavia/graphnode-backend-api/data/T0005/644038/b90250b/chatnest-644038/frontend/src/pages/NotFound.tsx
2025-08-22 12:17:07,729 - Knowledge - INFO - worker kw2 pull /home/prasanth/projects/kavia/graphnode-backend-api/data/T0005/644038/b90250b/chatnest-644038/frontend/README.md from ingest queue
2025-08-22 12:17:07,731 - Knowledge - INFO - worker kw8 pull /home/prasanth/projects/kavia/graphnode-backend-api/data/T0005/644038/b90250b/chatnest-644038/frontend/tsconfig.app.json from ingest queue
2025-08-22 12:17:07,732 - Knowledge - INFO - Found code-base-name: https://github.com/kavia-common/chatnest-644038.git:kavia-master
2025-08-22 12:17:07,732 - Knowledge - INFO - Found code_base: <app.utils.kg_build.knowledge.KnowledgeCodeBase object at 0x78b362ec1730>
2025-08-22 12:17:07,732 - Knowledge - INFO - persist ingested knowledge for /home/prasanth/projects/kavia/graphnode-backend-api/data/T0005/644038/b90250b/chatnest-644038/frontend/src/services/authService.ts
2025-08-22 12:17:07,733 - Knowledge - INFO - worker kw4 pull /home/prasanth/projects/kavia/graphnode-backend-api/data/T0005/644038/b90250b/chatnest-644038/frontend/postcss.config.js from ingest queue
2025-08-22 12:17:07,742 - Knowledge - INFO - process ingested knowledge for /home/prasanth/projects/kavia/graphnode-backend-api/data/T0005/644038/b90250b/chatnest-644038/frontend/README.md
2025-08-22 12:17:07,745 - Knowledge - INFO - process ingested knowledge for /home/prasanth/projects/kavia/graphnode-backend-api/data/T0005/644038/b90250b/chatnest-644038/frontend/tsconfig.app.json
2025-08-22 12:17:07,756 - Knowledge - INFO - worker kw12 created with dedicated MongoDB connection (total: 12)
2025-08-22 12:17:07,756 - Knowledge - INFO - knowledge worker kw12 start
2025-08-22 12:17:07,759 - Knowledge - INFO - Found code-base-name: https://github.com/kavia-common/chatnest-644038.git:kavia-master
2025-08-22 12:17:07,759 - Knowledge - INFO - Found code_base: <app.utils.kg_build.knowledge.KnowledgeCodeBase object at 0x78b362ec1730>
2025-08-22 12:17:07,759 - Knowledge - INFO - persist ingested knowledge for /home/prasanth/projects/kavia/graphnode-backend-api/data/T0005/644038/b90250b/chatnest-644038/frontend/components.json
2025-08-22 12:17:07,759 - Knowledge - INFO - adding /home/prasanth/projects/kavia/graphnode-backend-api/data/T0005/644038/b90250b/chatnest-644038/frontend/src/services/googleAiService.ts to ingest queue
2025-08-22 12:17:07,759 - Knowledge - INFO - worker kw7 pull /home/prasanth/projects/kavia/graphnode-backend-api/data/T0005/644038/b90250b/chatnest-644038/frontend/tsconfig.node.json from ingest queue
2025-08-22 12:17:07,760 - Knowledge - INFO - Found code-base-name: https://github.com/kavia-common/chatnest-644038.git:kavia-master
2025-08-22 12:17:07,760 - Knowledge - INFO - Found code_base: <app.utils.kg_build.knowledge.KnowledgeCodeBase object at 0x78b362ec1730>
2025-08-22 12:17:07,760 - Knowledge - INFO - persist ingested knowledge for /home/prasanth/projects/kavia/graphnode-backend-api/data/T0005/644038/b90250b/chatnest-644038/frontend/src/pages/NotFound.tsx
2025-08-22 12:17:07,761 - Knowledge - INFO - adding /home/prasanth/projects/kavia/graphnode-backend-api/data/T0005/644038/b90250b/chatnest-644038/frontend/src/main.tsx to ingest queue
2025-08-22 12:17:07,767 - Knowledge - INFO - process ingested knowledge for /home/prasanth/projects/kavia/graphnode-backend-api/data/T0005/644038/b90250b/chatnest-644038/frontend/tsconfig.node.json
2025-08-22 12:17:07,782 - Knowledge - INFO - process ingested knowledge for /home/prasanth/projects/kavia/graphnode-backend-api/data/T0005/644038/b90250b/chatnest-644038/frontend/postcss.config.js
2025-08-22 12:17:07,786 - Knowledge - INFO - Found code-base-name: https://github.com/kavia-common/chatnest-644038.git:kavia-master
2025-08-22 12:17:07,786 - Knowledge - INFO - Found code_base: <app.utils.kg_build.knowledge.KnowledgeCodeBase object at 0x78b362ec1730>
2025-08-22 12:17:07,786 - Knowledge - INFO - persist ingested knowledge for /home/prasanth/projects/kavia/graphnode-backend-api/data/T0005/644038/b90250b/chatnest-644038/frontend/README.md
2025-08-22 12:17:07,786 - Knowledge - INFO - Found code-base-name: https://github.com/kavia-common/chatnest-644038.git:kavia-master
2025-08-22 12:17:07,787 - Knowledge - INFO - Found code_base: <app.utils.kg_build.knowledge.KnowledgeCodeBase object at 0x78b362ec1730>
2025-08-22 12:17:07,787 - Knowledge - INFO - persist ingested knowledge for /home/prasanth/projects/kavia/graphnode-backend-api/data/T0005/644038/b90250b/chatnest-644038/frontend/tsconfig.app.json
2025-08-22 12:17:07,787 - Knowledge - INFO - worker kw12 pull /home/prasanth/projects/kavia/graphnode-backend-api/data/T0005/644038/b90250b/chatnest-644038/frontend/vite.config.ts from ingest queue
2025-08-22 12:17:07,814 - Knowledge - INFO - adding /home/prasanth/projects/kavia/graphnode-backend-api/data/T0005/644038/b90250b/chatnest-644038/frontend/src/pages/Index.tsx to ingest queue
2025-08-22 12:17:07,814 - Knowledge - INFO - Found code-base-name: https://github.com/kavia-common/chatnest-644038.git:kavia-master
2025-08-22 12:17:07,814 - Knowledge - INFO - Found code_base: <app.utils.kg_build.knowledge.KnowledgeCodeBase object at 0x78b362ec1730>
2025-08-22 12:17:07,814 - Knowledge - INFO - persist ingested knowledge for /home/prasanth/projects/kavia/graphnode-backend-api/data/T0005/644038/b90250b/chatnest-644038/frontend/tailwind.config.ts
2025-08-22 12:17:07,828 - Knowledge - INFO - process ingested knowledge for /home/prasanth/projects/kavia/graphnode-backend-api/data/T0005/644038/b90250b/chatnest-644038/frontend/vite.config.ts
2025-08-22 12:17:07,831 - Knowledge - INFO - worker kw6 pull /home/prasanth/projects/kavia/graphnode-backend-api/data/T0005/644038/b90250b/chatnest-644038/frontend/package.json from ingest queue
2025-08-22 12:17:07,831 - Knowledge - INFO - Found code-base-name: https://github.com/kavia-common/chatnest-644038.git:kavia-master
2025-08-22 12:17:07,832 - Knowledge - INFO - Found code_base: <app.utils.kg_build.knowledge.KnowledgeCodeBase object at 0x78b362ec1730>
2025-08-22 12:17:07,832 - Knowledge - INFO - persist ingested knowledge for /home/prasanth/projects/kavia/graphnode-backend-api/data/T0005/644038/b90250b/chatnest-644038/frontend/tsconfig.node.json
2025-08-22 12:17:07,833 - Knowledge - INFO - adding /home/prasanth/projects/kavia/graphnode-backend-api/data/T0005/644038/b90250b/chatnest-644038/frontend/src/services/authService.ts to ingest queue
2025-08-22 12:17:07,839 - Knowledge - INFO - process ingested knowledge for /home/prasanth/projects/kavia/graphnode-backend-api/data/T0005/644038/b90250b/chatnest-644038/frontend/package.json
2025-08-22 12:17:07,862 - Knowledge - INFO - Found code-base-name: https://github.com/kavia-common/chatnest-644038.git:kavia-master
2025-08-22 12:17:07,862 - Knowledge - INFO - Found code_base: <app.utils.kg_build.knowledge.KnowledgeCodeBase object at 0x78b362ec1730>
2025-08-22 12:17:07,862 - Knowledge - INFO - persist ingested knowledge for /home/prasanth/projects/kavia/graphnode-backend-api/data/T0005/644038/b90250b/chatnest-644038/frontend/postcss.config.js
2025-08-22 12:17:07,863 - Knowledge - INFO - adding /home/prasanth/projects/kavia/graphnode-backend-api/data/T0005/644038/b90250b/chatnest-644038/frontend/src/App.tsx to ingest queue
2025-08-22 12:17:07,863 - Knowledge - INFO - worker kw5 pull /home/prasanth/projects/kavia/graphnode-backend-api/data/T0005/644038/b90250b/chatnest-644038/frontend/public/robots.txt from ingest queue
2025-08-22 12:17:07,863 - Knowledge - INFO - adding /home/prasanth/projects/kavia/graphnode-backend-api/data/T0005/644038/b90250b/chatnest-644038/frontend/components.json to ingest queue
2025-08-22 12:17:07,863 - Knowledge - INFO - worker kw1 pull /home/prasanth/projects/kavia/graphnode-backend-api/data/T0005/644038/b90250b/chatnest-644038/frontend/index.html from ingest queue
2025-08-22 12:17:07,865 - Knowledge - INFO - Found code-base-name: https://github.com/kavia-common/chatnest-644038.git:kavia-master
2025-08-22 12:17:07,865 - Knowledge - INFO - Found code_base: <app.utils.kg_build.knowledge.KnowledgeCodeBase object at 0x78b362ec1730>
2025-08-22 12:17:07,865 - Knowledge - INFO - persist ingested knowledge for /home/prasanth/projects/kavia/graphnode-backend-api/data/T0005/644038/b90250b/chatnest-644038/frontend/vite.config.ts
2025-08-22 12:17:07,866 - Knowledge - INFO - adding /home/prasanth/projects/kavia/graphnode-backend-api/data/T0005/644038/b90250b/chatnest-644038/frontend/src/pages/NotFound.tsx to ingest queue
2025-08-22 12:17:07,867 - Knowledge - INFO - worker kw11 pull /home/prasanth/projects/kavia/graphnode-backend-api/data/T0005/644038/b90250b/chatnest-644038/frontend/tsconfig.json from ingest queue
2025-08-22 12:17:07,872 - Knowledge - INFO - process ingested knowledge for /home/prasanth/projects/kavia/graphnode-backend-api/data/T0005/644038/b90250b/chatnest-644038/frontend/public/robots.txt
2025-08-22 12:17:07,872 - Knowledge - INFO - process ingested knowledge for /home/prasanth/projects/kavia/graphnode-backend-api/data/T0005/644038/b90250b/chatnest-644038/frontend/index.html
2025-08-22 12:17:07,875 - Knowledge - INFO - process ingested knowledge for /home/prasanth/projects/kavia/graphnode-backend-api/data/T0005/644038/b90250b/chatnest-644038/frontend/tsconfig.json
2025-08-22 12:17:07,885 - Knowledge - INFO - worker kw9 pull /home/prasanth/projects/kavia/graphnode-backend-api/data/T0005/644038/b90250b/chatnest-644038/frontend/eslint.config.js from ingest queue
2025-08-22 12:17:07,913 - Knowledge - INFO - process ingested knowledge for /home/prasanth/projects/kavia/graphnode-backend-api/data/T0005/644038/b90250b/chatnest-644038/frontend/eslint.config.js
2025-08-22 12:17:07,960 - Knowledge - INFO - worker kw3 pull /home/prasanth/projects/kavia/graphnode-backend-api/data/T0005/644038/b90250b/chatnest-644038/backend/README.md from ingest queue
2025-08-22 12:17:07,961 - Knowledge - INFO - Thread kw3 - File README.md - Remaining files in queue: 78
2025-08-22 12:17:07,961 - Knowledge - INFO - start ingest for /home/prasanth/projects/kavia/graphnode-backend-api/data/T0005/644038/b90250b/chatnest-644038/backend/README.md
2025-08-22 12:17:07,961 - Knowledge - INFO - Found code-base-name: https://github.com/kavia-common/chatnest-644038.git:kavia-master
2025-08-22 12:17:07,962 - Knowledge - INFO - Found code_base: <app.utils.kg_build.knowledge.KnowledgeCodeBase object at 0x78b362ec1730>
2025-08-22 12:17:07,962 - Knowledge - INFO - persist ingested knowledge for /home/prasanth/projects/kavia/graphnode-backend-api/data/T0005/644038/b90250b/chatnest-644038/frontend/package.json
2025-08-22 12:17:07,962 - Knowledge - INFO - adding /home/prasanth/projects/kavia/graphnode-backend-api/data/T0005/644038/b90250b/chatnest-644038/frontend/tsconfig.app.json to ingest queue
2025-08-22 12:17:07,963 - Knowledge - INFO - worker kw8 pull /home/prasanth/projects/kavia/graphnode-backend-api/data/T0005/644038/b90250b/chatnest-644038/backend/routes.py from ingest queue
2025-08-22 12:17:07,963 - Knowledge - INFO - Thread kw8 - File routes.py - Remaining files in queue: 78
2025-08-22 12:17:07,963 - Knowledge - INFO - start ingest for /home/prasanth/projects/kavia/graphnode-backend-api/data/T0005/644038/b90250b/chatnest-644038/backend/routes.py
2025-08-22 12:17:07,964 - Knowledge - INFO - Found code-base-name: https://github.com/kavia-common/chatnest-644038.git:kavia-master
2025-08-22 12:17:07,964 - Knowledge - INFO - Found code_base: <app.utils.kg_build.knowledge.KnowledgeCodeBase object at 0x78b362ec1730>
2025-08-22 12:17:07,964 - Knowledge - INFO - persist ingested knowledge for /home/prasanth/projects/kavia/graphnode-backend-api/data/T0005/644038/b90250b/chatnest-644038/frontend/index.html
2025-08-22 12:17:07,965 - Knowledge - INFO - Fast-track processing for simple file: /home/prasanth/projects/kavia/graphnode-backend-api/data/T0005/644038/b90250b/chatnest-644038/backend/README.md
2025-08-22 12:17:07,965 - Knowledge - INFO - done fast ingest for /home/prasanth/projects/kavia/graphnode-backend-api/data/T0005/644038/b90250b/chatnest-644038/backend/README.md
2025-08-22 12:17:07,965 - Knowledge - INFO - process ingested knowledge for /home/prasanth/projects/kavia/graphnode-backend-api/data/T0005/644038/b90250b/chatnest-644038/backend/README.md
2025-08-22 12:17:07,966 - Knowledge - INFO - adding /home/prasanth/projects/kavia/graphnode-backend-api/data/T0005/644038/b90250b/chatnest-644038/frontend/postcss.config.js to ingest queue
2025-08-22 12:17:07,966 - Knowledge - INFO - adding /home/prasanth/projects/kavia/graphnode-backend-api/data/T0005/644038/b90250b/chatnest-644038/frontend/tailwind.config.ts to ingest queue
2025-08-22 12:17:07,967 - Knowledge - INFO - adding /home/prasanth/projects/kavia/graphnode-backend-api/data/T0005/644038/b90250b/chatnest-644038/frontend/README.md to ingest queue
2025-08-22 12:17:08,015 - Knowledge - INFO - worker kw13 created with dedicated MongoDB connection (total: 13)
2025-08-22 12:17:08,015 - Knowledge - INFO - knowledge worker kw13 start
2025-08-22 12:17:08,027 - Knowledge - INFO - Found code-base-name: https://github.com/kavia-common/chatnest-644038.git:kavia-master
2025-08-22 12:17:08,028 - Knowledge - INFO - Found code_base: <app.utils.kg_build.knowledge.KnowledgeCodeBase object at 0x78b362ec1730>
2025-08-22 12:17:08,028 - Knowledge - INFO - persist ingested knowledge for /home/prasanth/projects/kavia/graphnode-backend-api/data/T0005/644038/b90250b/chatnest-644038/frontend/tsconfig.json
2025-08-22 12:17:08,049 - Knowledge - INFO - Found code-base-name: https://github.com/kavia-common/chatnest-644038.git:kavia-master
2025-08-22 12:17:08,050 - Knowledge - INFO - Found code_base: <app.utils.kg_build.knowledge.KnowledgeCodeBase object at 0x78b362ec1730>
2025-08-22 12:17:08,050 - Knowledge - INFO - persist ingested knowledge for /home/prasanth/projects/kavia/graphnode-backend-api/data/T0005/644038/b90250b/chatnest-644038/backend/README.md
2025-08-22 12:17:08,050 - Knowledge - INFO - worker kw4 pull /home/prasanth/projects/kavia/graphnode-backend-api/data/T0005/644038/b90250b/chatnest-644038/backend/requirements.txt from ingest queue
2025-08-22 12:17:08,051 - Knowledge - INFO - Thread kw4 - File requirements.txt - Remaining files in queue: 80
2025-08-22 12:17:08,052 - Knowledge - INFO - start ingest for /home/prasanth/projects/kavia/graphnode-backend-api/data/T0005/644038/b90250b/chatnest-644038/backend/requirements.txt
2025-08-22 12:17:08,052 - Knowledge - INFO - Found code-base-name: https://github.com/kavia-common/chatnest-644038.git:kavia-master
2025-08-22 12:17:08,053 - Knowledge - INFO - Found code_base: <app.utils.kg_build.knowledge.KnowledgeCodeBase object at 0x78b362ec1730>
2025-08-22 12:17:08,053 - Knowledge - INFO - persist ingested knowledge for /home/prasanth/projects/kavia/graphnode-backend-api/data/T0005/644038/b90250b/chatnest-644038/frontend/eslint.config.js
2025-08-22 12:17:08,053 - Knowledge - INFO - adding /home/prasanth/projects/kavia/graphnode-backend-api/data/T0005/644038/b90250b/chatnest-644038/frontend/vite.config.ts to ingest queue
2025-08-22 12:17:08,055 - Knowledge - INFO - Fast-track processing for simple file: /home/prasanth/projects/kavia/graphnode-backend-api/data/T0005/644038/b90250b/chatnest-644038/backend/requirements.txt
2025-08-22 12:17:08,055 - Knowledge - INFO - done fast ingest for /home/prasanth/projects/kavia/graphnode-backend-api/data/T0005/644038/b90250b/chatnest-644038/backend/requirements.txt
2025-08-22 12:17:08,056 - Knowledge - INFO - process ingested knowledge for /home/prasanth/projects/kavia/graphnode-backend-api/data/T0005/644038/b90250b/chatnest-644038/backend/requirements.txt
2025-08-22 12:17:08,057 - Knowledge - INFO - worker kw10 pull /home/prasanth/projects/kavia/graphnode-backend-api/data/T0005/644038/b90250b/chatnest-644038/backend/db.py from ingest queue
2025-08-22 12:17:08,057 - Knowledge - INFO - Thread kw10 - File db.py - Remaining files in queue: 80
2025-08-22 12:17:08,058 - Knowledge - INFO - start ingest for /home/prasanth/projects/kavia/graphnode-backend-api/data/T0005/644038/b90250b/chatnest-644038/backend/db.py
2025-08-22 12:17:08,058 - Knowledge - INFO - adding /home/prasanth/projects/kavia/graphnode-backend-api/data/T0005/644038/b90250b/chatnest-644038/frontend/tsconfig.node.json to ingest queue
2025-08-22 12:17:08,060 - Knowledge - INFO - worker kw2 pull /home/prasanth/projects/kavia/graphnode-backend-api/data/T0005/644038/b90250b/chatnest-644038/backend/main.py from ingest queue
2025-08-22 12:17:08,060 - Knowledge - INFO - Thread kw2 - File main.py - Remaining files in queue: 80
2025-08-22 12:17:08,061 - Knowledge - INFO - start ingest for /home/prasanth/projects/kavia/graphnode-backend-api/data/T0005/644038/b90250b/chatnest-644038/backend/main.py
2025-08-22 12:17:08,062 - Knowledge - INFO - Fast-track processing for simple file: /home/prasanth/projects/kavia/graphnode-backend-api/data/T0005/644038/b90250b/chatnest-644038/backend/db.py
2025-08-22 12:17:08,062 - Knowledge - INFO - done fast ingest for /home/prasanth/projects/kavia/graphnode-backend-api/data/T0005/644038/b90250b/chatnest-644038/backend/db.py
2025-08-22 12:17:08,062 - Knowledge - INFO - worker kw13 pull /home/prasanth/projects/kavia/graphnode-backend-api/data/T0005/644038/b90250b/chatnest-644038/frontend/src/App.css from ingest queue
2025-08-22 12:17:08,063 - Knowledge - INFO - Thread kw13 - File App.css - Remaining files in queue: 79
2025-08-22 12:17:08,063 - Knowledge - INFO - start ingest for /home/prasanth/projects/kavia/graphnode-backend-api/data/T0005/644038/b90250b/chatnest-644038/frontend/src/App.css
2025-08-22 12:17:08,098 - Knowledge - INFO - adding /home/prasanth/projects/kavia/graphnode-backend-api/data/T0005/644038/b90250b/chatnest-644038/frontend/package.json to ingest queue
2025-08-22 12:17:08,140 - Knowledge - INFO - process ingested knowledge for /home/prasanth/projects/kavia/graphnode-backend-api/data/T0005/644038/b90250b/chatnest-644038/backend/db.py
2025-08-22 12:17:08,166 - Knowledge - INFO - worker kw12 pull /home/prasanth/projects/kavia/graphnode-backend-api/data/T0005/644038/b90250b/chatnest-644038/backend/models.py from ingest queue
2025-08-22 12:17:08,166 - Knowledge - INFO - Thread kw12 - File models.py - Remaining files in queue: 79
2025-08-22 12:17:08,166 - Knowledge - INFO - start ingest for /home/prasanth/projects/kavia/graphnode-backend-api/data/T0005/644038/b90250b/chatnest-644038/backend/models.py
2025-08-22 12:17:08,167 - Knowledge - INFO - Found code-base-name: https://github.com/kavia-common/chatnest-644038.git:kavia-master
2025-08-22 12:17:08,167 - Knowledge - INFO - Found code_base: <app.utils.kg_build.knowledge.KnowledgeCodeBase object at 0x78b362ec1730>
2025-08-22 12:17:08,167 - Knowledge - INFO - persist ingested knowledge for /home/prasanth/projects/kavia/graphnode-backend-api/data/T0005/644038/b90250b/chatnest-644038/backend/requirements.txt
2025-08-22 12:17:08,168 - Knowledge - INFO - Found code-base-name: https://github.com/kavia-common/chatnest-644038.git:kavia-master
2025-08-22 12:17:08,168 - Knowledge - INFO - Found code_base: <app.utils.kg_build.knowledge.KnowledgeCodeBase object at 0x78b362ec1730>
2025-08-22 12:17:08,168 - Knowledge - INFO - persist ingested knowledge for /home/prasanth/projects/kavia/graphnode-backend-api/data/T0005/644038/b90250b/chatnest-644038/frontend/public/robots.txt
2025-08-22 12:17:08,169 - Knowledge - INFO - Fast-track processing for simple file: /home/prasanth/projects/kavia/graphnode-backend-api/data/T0005/644038/b90250b/chatnest-644038/backend/models.py
2025-08-22 12:17:08,169 - Knowledge - INFO - done fast ingest for /home/prasanth/projects/kavia/graphnode-backend-api/data/T0005/644038/b90250b/chatnest-644038/backend/models.py
2025-08-22 12:17:08,170 - Knowledge - INFO - adding /home/prasanth/projects/kavia/graphnode-backend-api/data/T0005/644038/b90250b/chatnest-644038/frontend/tsconfig.json to ingest queue
2025-08-22 12:17:08,172 - Knowledge - INFO - worker kw6 pull /home/prasanth/projects/kavia/graphnode-backend-api/data/T0005/644038/b90250b/chatnest-644038/frontend/src/hooks/use-mobile.tsx from ingest queue
2025-08-22 12:17:08,172 - Knowledge - INFO - Thread kw6 - File use-mobile.tsx - Remaining files in queue: 79
2025-08-22 12:17:08,173 - Knowledge - INFO - start ingest for /home/prasanth/projects/kavia/graphnode-backend-api/data/T0005/644038/b90250b/chatnest-644038/frontend/src/hooks/use-mobile.tsx
2025-08-22 12:17:08,173 - Knowledge - INFO - adding /home/prasanth/projects/kavia/graphnode-backend-api/data/T0005/644038/b90250b/chatnest-644038/frontend/index.html to ingest queue
2025-08-22 12:17:08,174 - Knowledge - INFO - worker kw1 pull /home/prasanth/projects/kavia/graphnode-backend-api/data/T0005/644038/b90250b/chatnest-644038/frontend/src/hooks/use-toast.ts from ingest queue
2025-08-22 12:17:08,174 - Knowledge - INFO - Thread kw1 - File use-toast.ts - Remaining files in queue: 79
2025-08-22 12:17:08,175 - Knowledge - INFO - start ingest for /home/prasanth/projects/kavia/graphnode-backend-api/data/T0005/644038/b90250b/chatnest-644038/frontend/src/hooks/use-toast.ts
2025-08-22 12:17:08,182 - Knowledge - INFO - Found code-base-name: https://github.com/kavia-common/chatnest-644038.git:kavia-master
2025-08-22 12:17:08,183 - Knowledge - INFO - Found code_base: <app.utils.kg_build.knowledge.KnowledgeCodeBase object at 0x78b362ec1730>
2025-08-22 12:17:08,183 - Knowledge - INFO - persist ingested knowledge for /home/prasanth/projects/kavia/graphnode-backend-api/data/T0005/644038/b90250b/chatnest-644038/backend/db.py
2025-08-22 12:17:08,200 - Knowledge - INFO - worker kw7 pull /home/prasanth/projects/kavia/graphnode-backend-api/data/T0005/644038/b90250b/chatnest-644038/frontend/src/hooks/useTheme.ts from ingest queue
2025-08-22 12:17:08,200 - Knowledge - INFO - Thread kw7 - File useTheme.ts - Remaining files in queue: 78
2025-08-22 12:17:08,200 - Knowledge - INFO - start ingest for /home/prasanth/projects/kavia/graphnode-backend-api/data/T0005/644038/b90250b/chatnest-644038/frontend/src/hooks/useTheme.ts
2025-08-22 12:17:08,235 - Knowledge - INFO - process ingested knowledge for /home/prasanth/projects/kavia/graphnode-backend-api/data/T0005/644038/b90250b/chatnest-644038/backend/models.py
2025-08-22 12:17:08,258 - Knowledge - INFO - worker kw14 created with dedicated MongoDB connection (total: 14)
2025-08-22 12:17:08,263 - Knowledge - INFO - knowledge worker kw14 start
2025-08-22 12:17:08,324 - Knowledge - INFO - worker kw11 pull /home/prasanth/projects/kavia/graphnode-backend-api/data/T0005/644038/b90250b/chatnest-644038/frontend/src/hooks/useApiKey.ts from ingest queue
2025-08-22 12:17:08,324 - Knowledge - INFO - Thread kw11 - File useApiKey.ts - Remaining files in queue: 77
2025-08-22 12:17:08,325 - Knowledge - INFO - start ingest for /home/prasanth/projects/kavia/graphnode-backend-api/data/T0005/644038/b90250b/chatnest-644038/frontend/src/hooks/useApiKey.ts
2025-08-22 12:17:08,338 - Knowledge - INFO - worker kw3 pull /home/prasanth/projects/kavia/graphnode-backend-api/data/T0005/644038/b90250b/chatnest-644038/frontend/src/lib/firebase.ts from ingest queue
2025-08-22 12:17:08,339 - Knowledge - INFO - Thread kw3 - File firebase.ts - Remaining files in queue: 76
2025-08-22 12:17:08,340 - Knowledge - INFO - start ingest for /home/prasanth/projects/kavia/graphnode-backend-api/data/T0005/644038/b90250b/chatnest-644038/frontend/src/lib/firebase.ts
2025-08-22 12:17:08,340 - Knowledge - INFO - Found code-base-name: https://github.com/kavia-common/chatnest-644038.git:kavia-master
2025-08-22 12:17:08,340 - Knowledge - INFO - Found code_base: <app.utils.kg_build.knowledge.KnowledgeCodeBase object at 0x78b362ec1730>
2025-08-22 12:17:08,340 - Knowledge - INFO - persist ingested knowledge for /home/prasanth/projects/kavia/graphnode-backend-api/data/T0005/644038/b90250b/chatnest-644038/backend/models.py
2025-08-22 12:17:08,342 - Knowledge - INFO - worker kw14 pull /home/prasanth/projects/kavia/graphnode-backend-api/data/T0005/644038/b90250b/chatnest-644038/frontend/src/lib/utils.ts from ingest queue
2025-08-22 12:17:08,342 - Knowledge - INFO - Thread kw14 - File utils.ts - Remaining files in queue: 75
2025-08-22 12:17:08,342 - Knowledge - INFO - start ingest for /home/prasanth/projects/kavia/graphnode-backend-api/data/T0005/644038/b90250b/chatnest-644038/frontend/src/lib/utils.ts
2025-08-22 12:17:08,345 - Knowledge - INFO - worker kw4 pull /home/prasanth/projects/kavia/graphnode-backend-api/data/T0005/644038/b90250b/chatnest-644038/frontend/src/index.css from ingest queue
2025-08-22 12:17:08,346 - Knowledge - INFO - Thread kw4 - File index.css - Remaining files in queue: 74
2025-08-22 12:17:08,346 - Knowledge - INFO - start ingest for /home/prasanth/projects/kavia/graphnode-backend-api/data/T0005/644038/b90250b/chatnest-644038/frontend/src/index.css
2025-08-22 12:17:08,348 - Knowledge - INFO - Fast-track processing for simple file: /home/prasanth/projects/kavia/graphnode-backend-api/data/T0005/644038/b90250b/chatnest-644038/frontend/src/lib/utils.ts
2025-08-22 12:17:08,348 - Knowledge - INFO - done fast ingest for /home/prasanth/projects/kavia/graphnode-backend-api/data/T0005/644038/b90250b/chatnest-644038/frontend/src/lib/utils.ts
2025-08-22 12:17:08,430 - Knowledge - INFO - process ingested knowledge for /home/prasanth/projects/kavia/graphnode-backend-api/data/T0005/644038/b90250b/chatnest-644038/frontend/src/lib/utils.ts
2025-08-22 12:17:08,484 - Knowledge - INFO - adding /home/prasanth/projects/kavia/graphnode-backend-api/data/T0005/644038/b90250b/chatnest-644038/frontend/public/robots.txt to ingest queue
2025-08-22 12:17:08,485 - Knowledge - INFO - adding /home/prasanth/projects/kavia/graphnode-backend-api/data/T0005/644038/b90250b/chatnest-644038/frontend/eslint.config.js to ingest queue
2025-08-22 12:17:08,485 - Knowledge - INFO - Found code-base-name: https://github.com/kavia-common/chatnest-644038.git:kavia-master
2025-08-22 12:17:08,485 - Knowledge - INFO - Found code_base: <app.utils.kg_build.knowledge.KnowledgeCodeBase object at 0x78b362ec1730>
2025-08-22 12:17:08,486 - Knowledge - INFO - persist ingested knowledge for /home/prasanth/projects/kavia/graphnode-backend-api/data/T0005/644038/b90250b/chatnest-644038/frontend/src/lib/utils.ts
2025-08-22 12:17:08,486 - Knowledge - INFO - worker kw5 pull /home/prasanth/projects/kavia/graphnode-backend-api/data/T0005/644038/b90250b/chatnest-644038/frontend/src/components/RegisterPage.tsx from ingest queue
2025-08-22 12:17:08,486 - Knowledge - INFO - Thread kw5 - File RegisterPage.tsx - Remaining files in queue: 75
2025-08-22 12:17:08,486 - Knowledge - INFO - start ingest for /home/prasanth/projects/kavia/graphnode-backend-api/data/T0005/644038/b90250b/chatnest-644038/frontend/src/components/RegisterPage.tsx
2025-08-22 12:17:08,491 - Knowledge - INFO - worker kw10 pull /home/prasanth/projects/kavia/graphnode-backend-api/data/T0005/644038/b90250b/chatnest-644038/frontend/src/components/ChatSidebar.tsx from ingest queue
2025-08-22 12:17:08,492 - Knowledge - INFO - Thread kw10 - File ChatSidebar.tsx - Remaining files in queue: 74
2025-08-22 12:17:08,492 - Knowledge - INFO - start ingest for /home/prasanth/projects/kavia/graphnode-backend-api/data/T0005/644038/b90250b/chatnest-644038/frontend/src/components/ChatSidebar.tsx
2025-08-22 12:17:08,492 - Knowledge - INFO - worker kw12 pull /home/prasanth/projects/kavia/graphnode-backend-api/data/T0005/644038/b90250b/chatnest-644038/frontend/src/components/ChatWindow.tsx from ingest queue
2025-08-22 12:17:08,492 - Knowledge - INFO - Thread kw12 - File ChatWindow.tsx - Remaining files in queue: 73
2025-08-22 12:17:08,493 - Knowledge - INFO - start ingest for /home/prasanth/projects/kavia/graphnode-backend-api/data/T0005/644038/b90250b/chatnest-644038/frontend/src/components/ChatWindow.tsx
2025-08-22 12:17:08,499 - Knowledge - INFO - worker kw15 created with dedicated MongoDB connection (total: 15)
2025-08-22 12:17:08,500 - Knowledge - INFO - knowledge worker kw15 start
2025-08-22 12:17:08,616 - Knowledge - INFO - worker kw9 pull /home/prasanth/projects/kavia/graphnode-backend-api/data/T0005/644038/b90250b/chatnest-644038/frontend/src/components/ui/tooltip.tsx from ingest queue
2025-08-22 12:17:08,616 - Knowledge - INFO - Thread kw9 - File tooltip.tsx - Remaining files in queue: 72
2025-08-22 12:17:08,616 - Knowledge - INFO - start ingest for /home/prasanth/projects/kavia/graphnode-backend-api/data/T0005/644038/b90250b/chatnest-644038/frontend/src/components/ui/tooltip.tsx
2025-08-22 12:17:08,617 - Knowledge - INFO - worker kw15 pull /home/prasanth/projects/kavia/graphnode-backend-api/data/T0005/644038/b90250b/chatnest-644038/frontend/src/components/ui/toggle.tsx from ingest queue
2025-08-22 12:17:08,617 - Knowledge - INFO - Thread kw15 - File toggle.tsx - Remaining files in queue: 71
2025-08-22 12:17:08,617 - Knowledge - INFO - start ingest for /home/prasanth/projects/kavia/graphnode-backend-api/data/T0005/644038/b90250b/chatnest-644038/frontend/src/components/ui/toggle.tsx
2025-08-22 12:17:08,618 - Knowledge - INFO - worker kw14 pull /home/prasanth/projects/kavia/graphnode-backend-api/data/T0005/644038/b90250b/chatnest-644038/frontend/src/components/ui/switch.tsx from ingest queue
2025-08-22 12:17:08,618 - Knowledge - INFO - Thread kw14 - File switch.tsx - Remaining files in queue: 70
2025-08-22 12:17:08,619 - Knowledge - INFO - start ingest for /home/prasanth/projects/kavia/graphnode-backend-api/data/T0005/644038/b90250b/chatnest-644038/frontend/src/components/ui/switch.tsx
2025-08-22 12:17:08,730 - Knowledge - INFO - worker kw16 created with dedicated MongoDB connection (total: 16)
2025-08-22 12:17:08,731 - Knowledge - INFO - knowledge worker kw16 start
2025-08-22 12:17:08,732 - Knowledge - INFO - worker kw16 pull /home/prasanth/projects/kavia/graphnode-backend-api/data/T0005/644038/b90250b/chatnest-644038/frontend/src/components/ui/chart.tsx from ingest queue
2025-08-22 12:17:08,732 - Knowledge - INFO - Thread kw16 - File chart.tsx - Remaining files in queue: 69
2025-08-22 12:17:08,733 - Knowledge - INFO - start ingest for /home/prasanth/projects/kavia/graphnode-backend-api/data/T0005/644038/b90250b/chatnest-644038/frontend/src/components/ui/chart.tsx
2025-08-22 12:17:08,980 - Knowledge - INFO - worker kw17 created with dedicated MongoDB connection (total: 17)
2025-08-22 12:17:08,981 - Knowledge - INFO - knowledge worker kw17 start
2025-08-22 12:17:08,987 - Knowledge - INFO - worker kw17 pull /home/prasanth/projects/kavia/graphnode-backend-api/data/T0005/644038/b90250b/chatnest-644038/frontend/src/components/ui/alert.tsx from ingest queue
2025-08-22 12:17:08,988 - Knowledge - INFO - Thread kw17 - File alert.tsx - Remaining files in queue: 68
2025-08-22 12:17:08,988 - Knowledge - INFO - start ingest for /home/prasanth/projects/kavia/graphnode-backend-api/data/T0005/644038/b90250b/chatnest-644038/frontend/src/components/ui/alert.tsx
2025-08-22 12:17:09,231 - Knowledge - INFO - worker kw18 created with dedicated MongoDB connection (total: 18)
2025-08-22 12:17:09,232 - Knowledge - INFO - knowledge worker kw18 start
2025-08-22 12:17:09,234 - Knowledge - INFO - worker kw18 pull /home/prasanth/projects/kavia/graphnode-backend-api/data/T0005/644038/b90250b/chatnest-644038/frontend/src/components/ui/textarea.tsx from ingest queue
2025-08-22 12:17:09,235 - Knowledge - INFO - Thread kw18 - File textarea.tsx - Remaining files in queue: 67
2025-08-22 12:17:09,235 - Knowledge - INFO - start ingest for /home/prasanth/projects/kavia/graphnode-backend-api/data/T0005/644038/b90250b/chatnest-644038/frontend/src/components/ui/textarea.tsx
2025-08-22 12:17:09,477 - Knowledge - INFO - worker kw19 created with dedicated MongoDB connection (total: 19)
2025-08-22 12:17:09,480 - Knowledge - INFO - knowledge worker kw19 start
2025-08-22 12:17:09,483 - Knowledge - INFO - worker kw19 pull /home/prasanth/projects/kavia/graphnode-backend-api/data/T0005/644038/b90250b/chatnest-644038/frontend/src/components/ui/dialog.tsx from ingest queue
2025-08-22 12:17:09,483 - Knowledge - INFO - Thread kw19 - File dialog.tsx - Remaining files in queue: 66
2025-08-22 12:17:09,483 - Knowledge - INFO - start ingest for /home/prasanth/projects/kavia/graphnode-backend-api/data/T0005/644038/b90250b/chatnest-644038/frontend/src/components/ui/dialog.tsx
2025-08-22 12:17:09,733 - Knowledge - INFO - worker kw20 created with dedicated MongoDB connection (total: 20)
2025-08-22 12:17:09,741 - Knowledge - INFO - knowledge worker kw20 start
2025-08-22 12:17:09,755 - Knowledge - INFO - worker kw20 pull /home/prasanth/projects/kavia/graphnode-backend-api/data/T0005/644038/b90250b/chatnest-644038/frontend/src/components/ui/aspect-ratio.tsx from ingest queue
2025-08-22 12:17:09,755 - Knowledge - INFO - Thread kw20 - File aspect-ratio.tsx - Remaining files in queue: 65
2025-08-22 12:17:09,755 - Knowledge - INFO - start ingest for /home/prasanth/projects/kavia/graphnode-backend-api/data/T0005/644038/b90250b/chatnest-644038/frontend/src/components/ui/aspect-ratio.tsx
2025-08-22 12:17:09,769 - Knowledge - INFO - Fast-track processing for simple file: /home/prasanth/projects/kavia/graphnode-backend-api/data/T0005/644038/b90250b/chatnest-644038/frontend/src/components/ui/aspect-ratio.tsx
2025-08-22 12:17:09,769 - Knowledge - INFO - done fast ingest for /home/prasanth/projects/kavia/graphnode-backend-api/data/T0005/644038/b90250b/chatnest-644038/frontend/src/components/ui/aspect-ratio.tsx
2025-08-22 12:17:09,840 - Knowledge - INFO - process ingested knowledge for /home/prasanth/projects/kavia/graphnode-backend-api/data/T0005/644038/b90250b/chatnest-644038/frontend/src/components/ui/aspect-ratio.tsx
2025-08-22 12:17:09,842 - Knowledge - INFO - Found code-base-name: https://github.com/kavia-common/chatnest-644038.git:kavia-master
2025-08-22 12:17:09,843 - Knowledge - INFO - Found code_base: <app.utils.kg_build.knowledge.KnowledgeCodeBase object at 0x78b362ec1730>
2025-08-22 12:17:09,843 - Knowledge - INFO - persist ingested knowledge for /home/prasanth/projects/kavia/graphnode-backend-api/data/T0005/644038/b90250b/chatnest-644038/frontend/src/components/ui/aspect-ratio.tsx
2025-08-22 12:17:09,947 - Knowledge - INFO - worker kw20 pull /home/prasanth/projects/kavia/graphnode-backend-api/data/T0005/644038/b90250b/chatnest-644038/frontend/src/components/ui/navigation-menu.tsx from ingest queue
2025-08-22 12:17:09,947 - Knowledge - INFO - Thread kw20 - File navigation-menu.tsx - Remaining files in queue: 64
2025-08-22 12:17:09,947 - Knowledge - INFO - start ingest for /home/prasanth/projects/kavia/graphnode-backend-api/data/T0005/644038/b90250b/chatnest-644038/frontend/src/components/ui/navigation-menu.tsx
2025-08-22 12:17:09,996 - Knowledge - WARNING - High connection count: 21 connections active
2025-08-22 12:17:09,996 - Knowledge - INFO - worker kw21 created with dedicated MongoDB connection (total: 21)
2025-08-22 12:17:10,005 - Knowledge - INFO - knowledge worker kw21 start
2025-08-22 12:17:10,009 - Knowledge - INFO - worker kw21 pull /home/prasanth/projects/kavia/graphnode-backend-api/data/T0005/644038/b90250b/chatnest-644038/frontend/src/components/ui/separator.tsx from ingest queue
2025-08-22 12:17:10,009 - Knowledge - INFO - Thread kw21 - File separator.tsx - Remaining files in queue: 63
2025-08-22 12:17:10,010 - Knowledge - INFO - start ingest for /home/prasanth/projects/kavia/graphnode-backend-api/data/T0005/644038/b90250b/chatnest-644038/frontend/src/components/ui/separator.tsx
2025-08-22 12:17:10,277 - Knowledge - WARNING - High connection count: 22 connections active
2025-08-22 12:17:10,277 - Knowledge - INFO - worker kw22 created with dedicated MongoDB connection (total: 22)
2025-08-22 12:17:10,278 - Knowledge - INFO - knowledge worker kw22 start
2025-08-22 12:17:10,295 - Knowledge - INFO - worker kw22 pull /home/prasanth/projects/kavia/graphnode-backend-api/data/T0005/644038/b90250b/chatnest-644038/frontend/src/components/ui/scroll-area.tsx from ingest queue
2025-08-22 12:17:10,295 - Knowledge - INFO - Thread kw22 - File scroll-area.tsx - Remaining files in queue: 62
2025-08-22 12:17:10,295 - Knowledge - INFO - start ingest for /home/prasanth/projects/kavia/graphnode-backend-api/data/T0005/644038/b90250b/chatnest-644038/frontend/src/components/ui/scroll-area.tsx
2025-08-22 12:17:10,537 - Knowledge - WARNING - High connection count: 23 connections active
2025-08-22 12:17:10,537 - Knowledge - INFO - worker kw23 created with dedicated MongoDB connection (total: 23)
2025-08-22 12:17:10,544 - Knowledge - INFO - knowledge worker kw23 start
2025-08-22 12:17:10,551 - Knowledge - INFO - worker kw23 pull /home/prasanth/projects/kavia/graphnode-backend-api/data/T0005/644038/b90250b/chatnest-644038/frontend/src/components/ui/toaster.tsx from ingest queue
2025-08-22 12:17:10,552 - Knowledge - INFO - Thread kw23 - File toaster.tsx - Remaining files in queue: 61
2025-08-22 12:17:10,553 - Knowledge - INFO - start ingest for /home/prasanth/projects/kavia/graphnode-backend-api/data/T0005/644038/b90250b/chatnest-644038/frontend/src/components/ui/toaster.tsx
2025-08-22 12:17:10,802 - Knowledge - WARNING - High connection count: 24 connections active
2025-08-22 12:17:10,802 - Knowledge - INFO - worker kw24 created with dedicated MongoDB connection (total: 24)
2025-08-22 12:17:10,802 - Knowledge - INFO - knowledge worker kw24 start
2025-08-22 12:17:10,803 - Knowledge - INFO - worker kw24 pull /home/prasanth/projects/kavia/graphnode-backend-api/data/T0005/644038/b90250b/chatnest-644038/frontend/src/components/ui/calendar.tsx from ingest queue
2025-08-22 12:17:10,803 - Knowledge - INFO - Thread kw24 - File calendar.tsx - Remaining files in queue: 60
2025-08-22 12:17:10,804 - Knowledge - INFO - start ingest for /home/prasanth/projects/kavia/graphnode-backend-api/data/T0005/644038/b90250b/chatnest-644038/frontend/src/components/ui/calendar.tsx
2025-08-22 12:17:11,040 - Knowledge - WARNING - High connection count: 25 connections active
2025-08-22 12:17:11,040 - Knowledge - INFO - worker kw25 created with dedicated MongoDB connection (total: 25)
2025-08-22 12:17:11,041 - Knowledge - INFO - knowledge worker kw25 start
2025-08-22 12:17:11,059 - Knowledge - INFO - worker kw25 pull /home/prasanth/projects/kavia/graphnode-backend-api/data/T0005/644038/b90250b/chatnest-644038/frontend/src/components/ui/tabs.tsx from ingest queue
2025-08-22 12:17:11,060 - Knowledge - INFO - Thread kw25 - File tabs.tsx - Remaining files in queue: 59
2025-08-22 12:17:11,060 - Knowledge - INFO - start ingest for /home/prasanth/projects/kavia/graphnode-backend-api/data/T0005/644038/b90250b/chatnest-644038/frontend/src/components/ui/tabs.tsx
2025-08-22 12:17:19,004 - Knowledge - INFO - done ingest for /home/prasanth/projects/kavia/graphnode-backend-api/data/T0005/644038/b90250b/chatnest-644038/frontend/src/App.css
2025-08-22 12:17:19,004 - Knowledge - INFO - process ingested knowledge for /home/prasanth/projects/kavia/graphnode-backend-api/data/T0005/644038/b90250b/chatnest-644038/frontend/src/App.css
2025-08-22 12:17:19,005 - Knowledge - INFO - Found code-base-name: https://github.com/kavia-common/chatnest-644038.git:kavia-master
2025-08-22 12:17:19,005 - Knowledge - INFO - Found code_base: <app.utils.kg_build.knowledge.KnowledgeCodeBase object at 0x78b362ec1730>
2025-08-22 12:17:19,005 - Knowledge - INFO - persist ingested knowledge for /home/prasanth/projects/kavia/graphnode-backend-api/data/T0005/644038/b90250b/chatnest-644038/frontend/src/App.css
2025-08-22 12:17:19,178 - Knowledge - INFO - worker kw13 pull /home/prasanth/projects/kavia/graphnode-backend-api/data/T0005/644038/b90250b/chatnest-644038/frontend/src/components/ui/toast.tsx from ingest queue
2025-08-22 12:17:19,179 - Knowledge - INFO - Thread kw13 - File toast.tsx - Remaining files in queue: 58
2025-08-22 12:17:19,179 - Knowledge - INFO - start ingest for /home/prasanth/projects/kavia/graphnode-backend-api/data/T0005/644038/b90250b/chatnest-644038/frontend/src/components/ui/toast.tsx
2025-08-22 12:17:26,407 - Knowledge - INFO - done ingest for /home/prasanth/projects/kavia/graphnode-backend-api/data/T0005/644038/b90250b/chatnest-644038/frontend/src/components/ui/textarea.tsx
2025-08-22 12:17:26,481 - Knowledge - INFO - process ingested knowledge for /home/prasanth/projects/kavia/graphnode-backend-api/data/T0005/644038/b90250b/chatnest-644038/frontend/src/components/ui/textarea.tsx
2025-08-22 12:17:26,481 - Knowledge - INFO - Found code-base-name: https://github.com/kavia-common/chatnest-644038.git:kavia-master
2025-08-22 12:17:26,481 - Knowledge - INFO - Found code_base: <app.utils.kg_build.knowledge.KnowledgeCodeBase object at 0x78b362ec1730>
2025-08-22 12:17:26,481 - Knowledge - INFO - persist ingested knowledge for /home/prasanth/projects/kavia/graphnode-backend-api/data/T0005/644038/b90250b/chatnest-644038/frontend/src/components/ui/textarea.tsx
2025-08-22 12:17:27,261 - Knowledge - INFO - persist search terms embedding for frontend/src/components/ui/textarea.tsx
2025-08-22 12:17:27,264 - Knowledge - INFO - worker kw18 pull /home/prasanth/projects/kavia/graphnode-backend-api/data/T0005/644038/b90250b/chatnest-644038/frontend/src/components/ui/accordion.tsx from ingest queue
2025-08-22 12:17:27,264 - Knowledge - INFO - Thread kw18 - File accordion.tsx - Remaining files in queue: 57
2025-08-22 12:17:27,265 - Knowledge - INFO - start ingest for /home/prasanth/projects/kavia/graphnode-backend-api/data/T0005/644038/b90250b/chatnest-644038/frontend/src/components/ui/accordion.tsx
2025-08-22 12:17:27,984 - Knowledge - INFO - done ingest for /home/prasanth/projects/kavia/graphnode-backend-api/data/T0005/644038/b90250b/chatnest-644038/frontend/src/lib/firebase.ts
2025-08-22 12:17:28,013 - Knowledge - INFO - process ingested knowledge for /home/prasanth/projects/kavia/graphnode-backend-api/data/T0005/644038/b90250b/chatnest-644038/frontend/src/lib/firebase.ts
2025-08-22 12:17:28,013 - Knowledge - INFO - Found code-base-name: https://github.com/kavia-common/chatnest-644038.git:kavia-master
2025-08-22 12:17:28,013 - Knowledge - INFO - Found code_base: <app.utils.kg_build.knowledge.KnowledgeCodeBase object at 0x78b362ec1730>
2025-08-22 12:17:28,013 - Knowledge - INFO - persist ingested knowledge for /home/prasanth/projects/kavia/graphnode-backend-api/data/T0005/644038/b90250b/chatnest-644038/frontend/src/lib/firebase.ts
2025-08-22 12:17:28,512 - Knowledge - INFO - persist search terms embedding for frontend/src/lib/firebase.ts
2025-08-22 12:17:28,517 - Knowledge - INFO - worker kw3 pull /home/prasanth/projects/kavia/graphnode-backend-api/data/T0005/644038/b90250b/chatnest-644038/frontend/src/components/ui/use-toast.ts from ingest queue
2025-08-22 12:17:28,517 - Knowledge - INFO - Thread kw3 - File use-toast.ts - Remaining files in queue: 56
2025-08-22 12:17:28,517 - Knowledge - INFO - start ingest for /home/prasanth/projects/kavia/graphnode-backend-api/data/T0005/644038/b90250b/chatnest-644038/frontend/src/components/ui/use-toast.ts
2025-08-22 12:17:28,529 - Knowledge - INFO - Fast-track processing for simple file: /home/prasanth/projects/kavia/graphnode-backend-api/data/T0005/644038/b90250b/chatnest-644038/frontend/src/components/ui/use-toast.ts
2025-08-22 12:17:28,529 - Knowledge - INFO - done fast ingest for /home/prasanth/projects/kavia/graphnode-backend-api/data/T0005/644038/b90250b/chatnest-644038/frontend/src/components/ui/use-toast.ts
2025-08-22 12:17:28,576 - Knowledge - INFO - process ingested knowledge for /home/prasanth/projects/kavia/graphnode-backend-api/data/T0005/644038/b90250b/chatnest-644038/frontend/src/components/ui/use-toast.ts
2025-08-22 12:17:28,577 - Knowledge - INFO - Found code-base-name: https://github.com/kavia-common/chatnest-644038.git:kavia-master
2025-08-22 12:17:28,577 - Knowledge - INFO - Found code_base: <app.utils.kg_build.knowledge.KnowledgeCodeBase object at 0x78b362ec1730>
2025-08-22 12:17:28,577 - Knowledge - INFO - persist ingested knowledge for /home/prasanth/projects/kavia/graphnode-backend-api/data/T0005/644038/b90250b/chatnest-644038/frontend/src/components/ui/use-toast.ts
2025-08-22 12:17:28,735 - Knowledge - INFO - worker kw3 pull /home/prasanth/projects/kavia/graphnode-backend-api/data/T0005/644038/b90250b/chatnest-644038/frontend/src/components/ui/badge.tsx from ingest queue
2025-08-22 12:17:28,735 - Knowledge - INFO - Thread kw3 - File badge.tsx - Remaining files in queue: 55
2025-08-22 12:17:28,736 - Knowledge - INFO - start ingest for /home/prasanth/projects/kavia/graphnode-backend-api/data/T0005/644038/b90250b/chatnest-644038/frontend/src/components/ui/badge.tsx
2025-08-22 12:17:30,982 - Knowledge - INFO - done ingest for /home/prasanth/projects/kavia/graphnode-backend-api/data/T0005/644038/b90250b/chatnest-644038/frontend/src/hooks/use-mobile.tsx
2025-08-22 12:17:31,063 - Knowledge - INFO - process ingested knowledge for /home/prasanth/projects/kavia/graphnode-backend-api/data/T0005/644038/b90250b/chatnest-644038/frontend/src/hooks/use-mobile.tsx
2025-08-22 12:17:31,065 - Knowledge - INFO - Found code-base-name: https://github.com/kavia-common/chatnest-644038.git:kavia-master
2025-08-22 12:17:31,066 - Knowledge - INFO - Found code_base: <app.utils.kg_build.knowledge.KnowledgeCodeBase object at 0x78b362ec1730>
2025-08-22 12:17:31,066 - Knowledge - INFO - persist ingested knowledge for /home/prasanth/projects/kavia/graphnode-backend-api/data/T0005/644038/b90250b/chatnest-644038/frontend/src/hooks/use-mobile.tsx
2025-08-22 12:17:31,422 - Knowledge - INFO - done ingest for /home/prasanth/projects/kavia/graphnode-backend-api/data/T0005/644038/b90250b/chatnest-644038/frontend/src/components/ui/separator.tsx
2025-08-22 12:17:31,503 - Knowledge - INFO - process ingested knowledge for /home/prasanth/projects/kavia/graphnode-backend-api/data/T0005/644038/b90250b/chatnest-644038/frontend/src/components/ui/separator.tsx
2025-08-22 12:17:31,777 - Knowledge - INFO - persist search terms embedding for frontend/src/hooks/use-mobile.tsx
2025-08-22 12:17:31,781 - Knowledge - INFO - Found code-base-name: https://github.com/kavia-common/chatnest-644038.git:kavia-master
2025-08-22 12:17:31,782 - Knowledge - INFO - Found code_base: <app.utils.kg_build.knowledge.KnowledgeCodeBase object at 0x78b362ec1730>
2025-08-22 12:17:31,782 - Knowledge - INFO - persist ingested knowledge for /home/prasanth/projects/kavia/graphnode-backend-api/data/T0005/644038/b90250b/chatnest-644038/frontend/src/components/ui/separator.tsx
2025-08-22 12:17:31,986 - Knowledge - INFO - done ingest for /home/prasanth/projects/kavia/graphnode-backend-api/data/T0005/644038/b90250b/chatnest-644038/frontend/src/components/ui/tooltip.tsx
2025-08-22 12:17:32,049 - Knowledge - INFO - process ingested knowledge for /home/prasanth/projects/kavia/graphnode-backend-api/data/T0005/644038/b90250b/chatnest-644038/frontend/src/components/ui/tooltip.tsx
2025-08-22 12:17:32,425 - Knowledge - INFO - persist search terms embedding for frontend/src/components/ui/separator.tsx
2025-08-22 12:17:32,430 - Knowledge - INFO - worker kw6 pull /home/prasanth/projects/kavia/graphnode-backend-api/data/T0005/644038/b90250b/chatnest-644038/frontend/src/components/ui/command.tsx from ingest queue
2025-08-22 12:17:32,430 - Knowledge - INFO - Thread kw6 - File command.tsx - Remaining files in queue: 54
2025-08-22 12:17:32,430 - Knowledge - INFO - start ingest for /home/prasanth/projects/kavia/graphnode-backend-api/data/T0005/644038/b90250b/chatnest-644038/frontend/src/components/ui/command.tsx
2025-08-22 12:17:32,436 - Knowledge - INFO - Found code-base-name: https://github.com/kavia-common/chatnest-644038.git:kavia-master
2025-08-22 12:17:32,436 - Knowledge - INFO - Found code_base: <app.utils.kg_build.knowledge.KnowledgeCodeBase object at 0x78b362ec1730>
2025-08-22 12:17:32,436 - Knowledge - INFO - persist ingested knowledge for /home/prasanth/projects/kavia/graphnode-backend-api/data/T0005/644038/b90250b/chatnest-644038/frontend/src/components/ui/tooltip.tsx
2025-08-22 12:17:32,953 - Knowledge - INFO - done ingest for /home/prasanth/projects/kavia/graphnode-backend-api/data/T0005/644038/b90250b/chatnest-644038/frontend/src/components/ui/toggle.tsx
2025-08-22 12:17:33,033 - Knowledge - INFO - process ingested knowledge for /home/prasanth/projects/kavia/graphnode-backend-api/data/T0005/644038/b90250b/chatnest-644038/frontend/src/components/ui/toggle.tsx
2025-08-22 12:17:33,103 - Knowledge - INFO - persist search terms embedding for frontend/src/components/ui/tooltip.tsx
2025-08-22 12:17:33,108 - Knowledge - INFO - worker kw21 pull /home/prasanth/projects/kavia/graphnode-backend-api/data/T0005/644038/b90250b/chatnest-644038/frontend/src/components/ui/collapsible.tsx from ingest queue
2025-08-22 12:17:33,108 - Knowledge - INFO - Thread kw21 - File collapsible.tsx - Remaining files in queue: 53
2025-08-22 12:17:33,109 - Knowledge - INFO - start ingest for /home/prasanth/projects/kavia/graphnode-backend-api/data/T0005/644038/b90250b/chatnest-644038/frontend/src/components/ui/collapsible.tsx
2025-08-22 12:17:33,113 - Knowledge - INFO - Found code-base-name: https://github.com/kavia-common/chatnest-644038.git:kavia-master
2025-08-22 12:17:33,113 - Knowledge - INFO - Found code_base: <app.utils.kg_build.knowledge.KnowledgeCodeBase object at 0x78b362ec1730>
2025-08-22 12:17:33,113 - Knowledge - INFO - persist ingested knowledge for /home/prasanth/projects/kavia/graphnode-backend-api/data/T0005/644038/b90250b/chatnest-644038/frontend/src/components/ui/toggle.tsx
2025-08-22 12:17:33,119 - Knowledge - INFO - worker kw9 pull /home/prasanth/projects/kavia/graphnode-backend-api/data/T0005/644038/b90250b/chatnest-644038/frontend/src/components/ui/button.tsx from ingest queue
2025-08-22 12:17:33,119 - Knowledge - INFO - Thread kw9 - File button.tsx - Remaining files in queue: 52
2025-08-22 12:17:33,119 - Knowledge - INFO - start ingest for /home/prasanth/projects/kavia/graphnode-backend-api/data/T0005/644038/b90250b/chatnest-644038/frontend/src/components/ui/button.tsx
2025-08-22 12:17:33,135 - Knowledge - INFO - Fast-track processing for simple file: /home/prasanth/projects/kavia/graphnode-backend-api/data/T0005/644038/b90250b/chatnest-644038/frontend/src/components/ui/collapsible.tsx
2025-08-22 12:17:33,135 - Knowledge - INFO - done fast ingest for /home/prasanth/projects/kavia/graphnode-backend-api/data/T0005/644038/b90250b/chatnest-644038/frontend/src/components/ui/collapsible.tsx
2025-08-22 12:17:33,186 - Knowledge - INFO - process ingested knowledge for /home/prasanth/projects/kavia/graphnode-backend-api/data/T0005/644038/b90250b/chatnest-644038/frontend/src/components/ui/collapsible.tsx
2025-08-22 12:17:33,473 - Knowledge - INFO - done ingest for /home/prasanth/projects/kavia/graphnode-backend-api/data/T0005/644038/b90250b/chatnest-644038/frontend/src/hooks/useApiKey.ts
2025-08-22 12:17:33,549 - Knowledge - INFO - process ingested knowledge for /home/prasanth/projects/kavia/graphnode-backend-api/data/T0005/644038/b90250b/chatnest-644038/frontend/src/hooks/useApiKey.ts
2025-08-22 12:17:33,756 - Knowledge - INFO - done ingest for /home/prasanth/projects/kavia/graphnode-backend-api/data/T0005/644038/b90250b/chatnest-644038/frontend/src/components/ui/toaster.tsx
2025-08-22 12:17:33,855 - Knowledge - INFO - process ingested knowledge for /home/prasanth/projects/kavia/graphnode-backend-api/data/T0005/644038/b90250b/chatnest-644038/frontend/src/components/ui/toaster.tsx
2025-08-22 12:17:33,947 - Knowledge - INFO - done ingest for /home/prasanth/projects/kavia/graphnode-backend-api/data/T0005/644038/b90250b/chatnest-644038/backend/main.py
2025-08-22 12:17:33,971 - Knowledge - INFO - done ingest for /home/prasanth/projects/kavia/graphnode-backend-api/data/T0005/644038/b90250b/chatnest-644038/frontend/src/components/ui/switch.tsx
2025-08-22 12:17:34,002 - Knowledge - INFO - process ingested knowledge for /home/prasanth/projects/kavia/graphnode-backend-api/data/T0005/644038/b90250b/chatnest-644038/backend/main.py
2025-08-22 12:17:34,028 - Knowledge - INFO - process ingested knowledge for /home/prasanth/projects/kavia/graphnode-backend-api/data/T0005/644038/b90250b/chatnest-644038/frontend/src/components/ui/switch.tsx
2025-08-22 12:17:34,090 - Knowledge - INFO - persist search terms embedding for frontend/src/components/ui/toggle.tsx
2025-08-22 12:17:34,096 - Knowledge - INFO - Found code-base-name: https://github.com/kavia-common/chatnest-644038.git:kavia-master
2025-08-22 12:17:34,096 - Knowledge - INFO - Found code_base: <app.utils.kg_build.knowledge.KnowledgeCodeBase object at 0x78b362ec1730>
2025-08-22 12:17:34,096 - Knowledge - INFO - persist ingested knowledge for /home/prasanth/projects/kavia/graphnode-backend-api/data/T0005/644038/b90250b/chatnest-644038/frontend/src/components/ui/collapsible.tsx
2025-08-22 12:17:34,098 - Knowledge - INFO - Found code-base-name: https://github.com/kavia-common/chatnest-644038.git:kavia-master
2025-08-22 12:17:34,098 - Knowledge - INFO - Found code_base: <app.utils.kg_build.knowledge.KnowledgeCodeBase object at 0x78b362ec1730>
2025-08-22 12:17:34,098 - Knowledge - INFO - persist ingested knowledge for /home/prasanth/projects/kavia/graphnode-backend-api/data/T0005/644038/b90250b/chatnest-644038/frontend/src/hooks/useApiKey.ts
2025-08-22 12:17:34,104 - Knowledge - INFO - Found code-base-name: https://github.com/kavia-common/chatnest-644038.git:kavia-master
2025-08-22 12:17:34,104 - Knowledge - INFO - Found code_base: <app.utils.kg_build.knowledge.KnowledgeCodeBase object at 0x78b362ec1730>
2025-08-22 12:17:34,104 - Knowledge - INFO - persist ingested knowledge for /home/prasanth/projects/kavia/graphnode-backend-api/data/T0005/644038/b90250b/chatnest-644038/frontend/src/components/ui/toaster.tsx
2025-08-22 12:17:34,109 - Knowledge - INFO - Found code-base-name: https://github.com/kavia-common/chatnest-644038.git:kavia-master
2025-08-22 12:17:34,109 - Knowledge - INFO - Found code_base: <app.utils.kg_build.knowledge.KnowledgeCodeBase object at 0x78b362ec1730>
2025-08-22 12:17:34,109 - Knowledge - INFO - persist ingested knowledge for /home/prasanth/projects/kavia/graphnode-backend-api/data/T0005/644038/b90250b/chatnest-644038/backend/main.py
2025-08-22 12:17:34,111 - Knowledge - INFO - Found code-base-name: https://github.com/kavia-common/chatnest-644038.git:kavia-master
2025-08-22 12:17:34,111 - Knowledge - INFO - Found code_base: <app.utils.kg_build.knowledge.KnowledgeCodeBase object at 0x78b362ec1730>
2025-08-22 12:17:34,111 - Knowledge - INFO - persist ingested knowledge for /home/prasanth/projects/kavia/graphnode-backend-api/data/T0005/644038/b90250b/chatnest-644038/frontend/src/components/ui/switch.tsx
2025-08-22 12:17:34,114 - Knowledge - INFO - worker kw15 pull /home/prasanth/projects/kavia/graphnode-backend-api/data/T0005/644038/b90250b/chatnest-644038/frontend/src/components/ui/toggle-group.tsx from ingest queue
2025-08-22 12:17:34,114 - Knowledge - INFO - Thread kw15 - File toggle-group.tsx - Remaining files in queue: 51
2025-08-22 12:17:34,115 - Knowledge - INFO - start ingest for /home/prasanth/projects/kavia/graphnode-backend-api/data/T0005/644038/b90250b/chatnest-644038/frontend/src/components/ui/toggle-group.tsx
2025-08-22 12:17:34,373 - Knowledge - INFO - done ingest for /home/prasanth/projects/kavia/graphnode-backend-api/data/T0005/644038/b90250b/chatnest-644038/frontend/src/index.css
2025-08-22 12:17:34,374 - Knowledge - INFO - process ingested knowledge for /home/prasanth/projects/kavia/graphnode-backend-api/data/T0005/644038/b90250b/chatnest-644038/frontend/src/index.css
2025-08-22 12:17:34,624 - Knowledge - INFO - done ingest for /home/prasanth/projects/kavia/graphnode-backend-api/data/T0005/644038/b90250b/chatnest-644038/frontend/src/components/ui/alert.tsx
2025-08-22 12:17:34,690 - Knowledge - INFO - process ingested knowledge for /home/prasanth/projects/kavia/graphnode-backend-api/data/T0005/644038/b90250b/chatnest-644038/frontend/src/components/ui/alert.tsx
2025-08-22 12:17:34,963 - Knowledge - INFO - done ingest for /home/prasanth/projects/kavia/graphnode-backend-api/data/T0005/644038/b90250b/chatnest-644038/frontend/src/components/ui/calendar.tsx
2025-08-22 12:17:35,034 - Knowledge - INFO - process ingested knowledge for /home/prasanth/projects/kavia/graphnode-backend-api/data/T0005/644038/b90250b/chatnest-644038/frontend/src/components/ui/calendar.tsx
2025-08-22 12:17:35,081 - Knowledge - INFO - persist search terms embedding for frontend/src/components/ui/toaster.tsx
2025-08-22 12:17:35,630 - Knowledge - INFO - persist search terms embedding for backend/main.py
2025-08-22 12:17:36,147 - Knowledge - INFO - done ingest for /home/prasanth/projects/kavia/graphnode-backend-api/data/T0005/644038/b90250b/chatnest-644038/frontend/src/hooks/useTheme.ts
2025-08-22 12:17:36,240 - Knowledge - INFO - process ingested knowledge for /home/prasanth/projects/kavia/graphnode-backend-api/data/T0005/644038/b90250b/chatnest-644038/frontend/src/hooks/useTheme.ts
2025-08-22 12:17:36,262 - Knowledge - INFO - done ingest for /home/prasanth/projects/kavia/graphnode-backend-api/data/T0005/644038/b90250b/chatnest-644038/frontend/src/components/ui/tabs.tsx
2025-08-22 12:17:36,399 - Knowledge - INFO - process ingested knowledge for /home/prasanth/projects/kavia/graphnode-backend-api/data/T0005/644038/b90250b/chatnest-644038/frontend/src/components/ui/tabs.tsx
2025-08-22 12:17:36,601 - Knowledge - INFO - persist search terms embedding for frontend/src/components/ui/switch.tsx
2025-08-22 12:17:36,903 - Knowledge - INFO - done ingest for /home/prasanth/projects/kavia/graphnode-backend-api/data/T0005/644038/b90250b/chatnest-644038/frontend/src/components/RegisterPage.tsx
2025-08-22 12:17:36,996 - Knowledge - INFO - process ingested knowledge for /home/prasanth/projects/kavia/graphnode-backend-api/data/T0005/644038/b90250b/chatnest-644038/frontend/src/components/RegisterPage.tsx
2025-08-22 12:17:37,219 - Knowledge - INFO - persist search terms embedding for frontend/src/hooks/useApiKey.ts
2025-08-22 12:17:37,221 - Knowledge - INFO - worker kw21 pull /home/prasanth/projects/kavia/graphnode-backend-api/data/T0005/644038/b90250b/chatnest-644038/frontend/src/components/ui/input.tsx from ingest queue
2025-08-22 12:17:37,222 - Knowledge - INFO - Thread kw21 - File input.tsx - Remaining files in queue: 50
2025-08-22 12:17:37,222 - Knowledge - INFO - start ingest for /home/prasanth/projects/kavia/graphnode-backend-api/data/T0005/644038/b90250b/chatnest-644038/frontend/src/components/ui/input.tsx
2025-08-22 12:17:37,224 - Knowledge - INFO - Found code-base-name: https://github.com/kavia-common/chatnest-644038.git:kavia-master
2025-08-22 12:17:37,224 - Knowledge - INFO - Found code_base: <app.utils.kg_build.knowledge.KnowledgeCodeBase object at 0x78b362ec1730>
2025-08-22 12:17:37,224 - Knowledge - INFO - persist ingested knowledge for /home/prasanth/projects/kavia/graphnode-backend-api/data/T0005/644038/b90250b/chatnest-644038/frontend/src/index.css
2025-08-22 12:17:37,229 - Knowledge - INFO - Found code-base-name: https://github.com/kavia-common/chatnest-644038.git:kavia-master
2025-08-22 12:17:37,229 - Knowledge - INFO - Found code_base: <app.utils.kg_build.knowledge.KnowledgeCodeBase object at 0x78b362ec1730>
2025-08-22 12:17:37,229 - Knowledge - INFO - persist ingested knowledge for /home/prasanth/projects/kavia/graphnode-backend-api/data/T0005/644038/b90250b/chatnest-644038/frontend/src/components/ui/calendar.tsx
2025-08-22 12:17:37,244 - Knowledge - INFO - worker kw23 pull /home/prasanth/projects/kavia/graphnode-backend-api/data/T0005/644038/b90250b/chatnest-644038/frontend/src/components/ui/dropdown-menu.tsx from ingest queue
2025-08-22 12:17:37,244 - Knowledge - INFO - Thread kw23 - File dropdown-menu.tsx - Remaining files in queue: 49
2025-08-22 12:17:37,244 - Knowledge - INFO - start ingest for /home/prasanth/projects/kavia/graphnode-backend-api/data/T0005/644038/b90250b/chatnest-644038/frontend/src/components/ui/dropdown-menu.tsx
2025-08-22 12:17:37,263 - Knowledge - INFO - Found code-base-name: https://github.com/kavia-common/chatnest-644038.git:kavia-master
2025-08-22 12:17:37,263 - Knowledge - INFO - Found code_base: <app.utils.kg_build.knowledge.KnowledgeCodeBase object at 0x78b362ec1730>
2025-08-22 12:17:37,263 - Knowledge - INFO - persist ingested knowledge for /home/prasanth/projects/kavia/graphnode-backend-api/data/T0005/644038/b90250b/chatnest-644038/frontend/src/hooks/useTheme.ts
2025-08-22 12:17:37,265 - Knowledge - INFO - Found code-base-name: https://github.com/kavia-common/chatnest-644038.git:kavia-master
2025-08-22 12:17:37,265 - Knowledge - INFO - Found code_base: <app.utils.kg_build.knowledge.KnowledgeCodeBase object at 0x78b362ec1730>
2025-08-22 12:17:37,265 - Knowledge - INFO - persist ingested knowledge for /home/prasanth/projects/kavia/graphnode-backend-api/data/T0005/644038/b90250b/chatnest-644038/frontend/src/components/ui/tabs.tsx
2025-08-22 12:17:37,268 - Knowledge - INFO - worker kw14 pull /home/prasanth/projects/kavia/graphnode-backend-api/data/T0005/644038/b90250b/chatnest-644038/frontend/src/components/ui/select.tsx from ingest queue
2025-08-22 12:17:37,268 - Knowledge - INFO - Thread kw14 - File select.tsx - Remaining files in queue: 48
2025-08-22 12:17:37,269 - Knowledge - INFO - start ingest for /home/prasanth/projects/kavia/graphnode-backend-api/data/T0005/644038/b90250b/chatnest-644038/frontend/src/components/ui/select.tsx
2025-08-22 12:17:37,284 - Knowledge - INFO - Found code-base-name: https://github.com/kavia-common/chatnest-644038.git:kavia-master
2025-08-22 12:17:37,285 - Knowledge - INFO - Found code_base: <app.utils.kg_build.knowledge.KnowledgeCodeBase object at 0x78b362ec1730>
2025-08-22 12:17:37,285 - Knowledge - INFO - persist ingested knowledge for /home/prasanth/projects/kavia/graphnode-backend-api/data/T0005/644038/b90250b/chatnest-644038/frontend/src/components/ui/alert.tsx
2025-08-22 12:17:37,289 - Knowledge - INFO - worker kw11 pull /home/prasanth/projects/kavia/graphnode-backend-api/data/T0005/644038/b90250b/chatnest-644038/frontend/src/components/ui/alert-dialog.tsx from ingest queue
2025-08-22 12:17:37,289 - Knowledge - INFO - Thread kw11 - File alert-dialog.tsx - Remaining files in queue: 47
2025-08-22 12:17:37,289 - Knowledge - INFO - start ingest for /home/prasanth/projects/kavia/graphnode-backend-api/data/T0005/644038/b90250b/chatnest-644038/frontend/src/components/ui/alert-dialog.tsx
2025-08-22 12:17:37,624 - Knowledge - INFO - done ingest for /home/prasanth/projects/kavia/graphnode-backend-api/data/T0005/644038/b90250b/chatnest-644038/frontend/src/components/ui/chart.tsx
2025-08-22 12:17:37,698 - Knowledge - INFO - process ingested knowledge for /home/prasanth/projects/kavia/graphnode-backend-api/data/T0005/644038/b90250b/chatnest-644038/frontend/src/components/ui/chart.tsx
2025-08-22 12:17:38,091 - Knowledge - INFO - persist search terms embedding for frontend/src/index.css
2025-08-22 12:17:38,093 - Knowledge - INFO - worker kw2 pull /home/prasanth/projects/kavia/graphnode-backend-api/data/T0005/644038/b90250b/chatnest-644038/frontend/src/components/ui/radio-group.tsx from ingest queue
2025-08-22 12:17:38,093 - Knowledge - INFO - Thread kw2 - File radio-group.tsx - Remaining files in queue: 46
2025-08-22 12:17:38,093 - Knowledge - INFO - start ingest for /home/prasanth/projects/kavia/graphnode-backend-api/data/T0005/644038/b90250b/chatnest-644038/frontend/src/components/ui/radio-group.tsx
2025-08-22 12:17:38,248 - Knowledge - INFO - done ingest for /home/prasanth/projects/kavia/graphnode-backend-api/data/T0005/644038/b90250b/chatnest-644038/frontend/src/components/ui/scroll-area.tsx
2025-08-22 12:17:38,334 - Knowledge - INFO - process ingested knowledge for /home/prasanth/projects/kavia/graphnode-backend-api/data/T0005/644038/b90250b/chatnest-644038/frontend/src/components/ui/scroll-area.tsx
2025-08-22 12:17:38,722 - Knowledge - INFO - persist search terms embedding for frontend/src/hooks/useTheme.ts
2025-08-22 12:17:38,730 - Knowledge - INFO - Found code-base-name: https://github.com/kavia-common/chatnest-644038.git:kavia-master
2025-08-22 12:17:38,730 - Knowledge - INFO - Found code_base: <app.utils.kg_build.knowledge.KnowledgeCodeBase object at 0x78b362ec1730>
2025-08-22 12:17:38,730 - Knowledge - INFO - persist ingested knowledge for /home/prasanth/projects/kavia/graphnode-backend-api/data/T0005/644038/b90250b/chatnest-644038/frontend/src/components/RegisterPage.tsx
2025-08-22 12:17:39,343 - Knowledge - INFO - persist search terms embedding for frontend/src/components/ui/alert.tsx
2025-08-22 12:17:40,181 - Knowledge - INFO - persist search terms embedding for frontend/src/components/ui/calendar.tsx
2025-08-22 12:17:40,186 - Knowledge - INFO - Found code-base-name: https://github.com/kavia-common/chatnest-644038.git:kavia-master
2025-08-22 12:17:40,187 - Knowledge - INFO - Found code_base: <app.utils.kg_build.knowledge.KnowledgeCodeBase object at 0x78b362ec1730>
2025-08-22 12:17:40,187 - Knowledge - INFO - persist ingested knowledge for /home/prasanth/projects/kavia/graphnode-backend-api/data/T0005/644038/b90250b/chatnest-644038/frontend/src/components/ui/chart.tsx
2025-08-22 12:17:40,836 - Knowledge - INFO - persist search terms embedding for frontend/src/components/ui/tabs.tsx
2025-08-22 12:17:40,841 - Knowledge - INFO - worker kw4 pull /home/prasanth/projects/kavia/graphnode-backend-api/data/T0005/644038/b90250b/chatnest-644038/frontend/src/components/ui/pagination.tsx from ingest queue
2025-08-22 12:17:40,841 - Knowledge - INFO - Thread kw4 - File pagination.tsx - Remaining files in queue: 45
2025-08-22 12:17:40,842 - Knowledge - INFO - start ingest for /home/prasanth/projects/kavia/graphnode-backend-api/data/T0005/644038/b90250b/chatnest-644038/frontend/src/components/ui/pagination.tsx
2025-08-22 12:17:41,470 - Knowledge - INFO - persist search terms embedding for frontend/src/components/RegisterPage.tsx
2025-08-22 12:17:41,474 - Knowledge - INFO - worker kw7 pull /home/prasanth/projects/kavia/graphnode-backend-api/data/T0005/644038/b90250b/chatnest-644038/frontend/src/components/ui/skeleton.tsx from ingest queue
2025-08-22 12:17:41,474 - Knowledge - INFO - Thread kw7 - File skeleton.tsx - Remaining files in queue: 44
2025-08-22 12:17:41,475 - Knowledge - INFO - start ingest for /home/prasanth/projects/kavia/graphnode-backend-api/data/T0005/644038/b90250b/chatnest-644038/frontend/src/components/ui/skeleton.tsx
2025-08-22 12:17:41,475 - Knowledge - INFO - worker kw17 pull /home/prasanth/projects/kavia/graphnode-backend-api/data/T0005/644038/b90250b/chatnest-644038/frontend/src/components/ui/sonner.tsx from ingest queue
2025-08-22 12:17:41,475 - Knowledge - INFO - Thread kw17 - File sonner.tsx - Remaining files in queue: 43
2025-08-22 12:17:41,475 - Knowledge - INFO - start ingest for /home/prasanth/projects/kavia/graphnode-backend-api/data/T0005/644038/b90250b/chatnest-644038/frontend/src/components/ui/sonner.tsx
2025-08-22 12:17:41,478 - Knowledge - INFO - worker kw24 pull /home/prasanth/projects/kavia/graphnode-backend-api/data/T0005/644038/b90250b/chatnest-644038/frontend/src/components/ui/popover.tsx from ingest queue
2025-08-22 12:17:41,478 - Knowledge - INFO - Thread kw24 - File popover.tsx - Remaining files in queue: 42
2025-08-22 12:17:41,479 - Knowledge - INFO - start ingest for /home/prasanth/projects/kavia/graphnode-backend-api/data/T0005/644038/b90250b/chatnest-644038/frontend/src/components/ui/popover.tsx
2025-08-22 12:17:41,482 - Knowledge - INFO - worker kw5 pull /home/prasanth/projects/kavia/graphnode-backend-api/data/T0005/644038/b90250b/chatnest-644038/frontend/src/components/ui/checkbox.tsx from ingest queue
2025-08-22 12:17:41,483 - Knowledge - INFO - Thread kw5 - File checkbox.tsx - Remaining files in queue: 41
2025-08-22 12:17:41,483 - Knowledge - INFO - start ingest for /home/prasanth/projects/kavia/graphnode-backend-api/data/T0005/644038/b90250b/chatnest-644038/frontend/src/components/ui/checkbox.tsx
2025-08-22 12:17:41,485 - Knowledge - INFO - Found code-base-name: https://github.com/kavia-common/chatnest-644038.git:kavia-master
2025-08-22 12:17:41,485 - Knowledge - INFO - Found code_base: <app.utils.kg_build.knowledge.KnowledgeCodeBase object at 0x78b362ec1730>
2025-08-22 12:17:41,485 - Knowledge - INFO - persist ingested knowledge for /home/prasanth/projects/kavia/graphnode-backend-api/data/T0005/644038/b90250b/chatnest-644038/frontend/src/components/ui/scroll-area.tsx
2025-08-22 12:17:41,487 - Knowledge - INFO - Fast-track processing for simple file: /home/prasanth/projects/kavia/graphnode-backend-api/data/T0005/644038/b90250b/chatnest-644038/frontend/src/components/ui/skeleton.tsx
2025-08-22 12:17:41,487 - Knowledge - INFO - done fast ingest for /home/prasanth/projects/kavia/graphnode-backend-api/data/T0005/644038/b90250b/chatnest-644038/frontend/src/components/ui/skeleton.tsx
2025-08-22 12:17:41,492 - Knowledge - INFO - worker kw25 pull /home/prasanth/projects/kavia/graphnode-backend-api/data/T0005/644038/b90250b/chatnest-644038/frontend/src/components/ui/sheet.tsx from ingest queue
2025-08-22 12:17:41,493 - Knowledge - INFO - Thread kw25 - File sheet.tsx - Remaining files in queue: 40
2025-08-22 12:17:41,493 - Knowledge - INFO - start ingest for /home/prasanth/projects/kavia/graphnode-backend-api/data/T0005/644038/b90250b/chatnest-644038/frontend/src/components/ui/sheet.tsx
2025-08-22 12:17:41,651 - Knowledge - INFO - process ingested knowledge for /home/prasanth/projects/kavia/graphnode-backend-api/data/T0005/644038/b90250b/chatnest-644038/frontend/src/components/ui/skeleton.tsx
2025-08-22 12:17:42,309 - Knowledge - INFO - done ingest for /home/prasanth/projects/kavia/graphnode-backend-api/data/T0005/644038/b90250b/chatnest-644038/frontend/src/components/ChatSidebar.tsx
2025-08-22 12:17:42,345 - Knowledge - INFO - process ingested knowledge for /home/prasanth/projects/kavia/graphnode-backend-api/data/T0005/644038/b90250b/chatnest-644038/frontend/src/components/ChatSidebar.tsx
2025-08-22 12:17:42,948 - Knowledge - INFO - persist search terms embedding for frontend/src/components/ui/chart.tsx
2025-08-22 12:17:43,617 - Knowledge - INFO - persist search terms embedding for frontend/src/components/ui/scroll-area.tsx
2025-08-22 12:17:43,641 - Knowledge - INFO - Found code-base-name: https://github.com/kavia-common/chatnest-644038.git:kavia-master
2025-08-22 12:17:43,641 - Knowledge - INFO - Found code_base: <app.utils.kg_build.knowledge.KnowledgeCodeBase object at 0x78b362ec1730>
2025-08-22 12:17:43,641 - Knowledge - INFO - persist ingested knowledge for /home/prasanth/projects/kavia/graphnode-backend-api/data/T0005/644038/b90250b/chatnest-644038/frontend/src/components/ui/skeleton.tsx
2025-08-22 12:17:43,650 - Knowledge - INFO - Found code-base-name: https://github.com/kavia-common/chatnest-644038.git:kavia-master
2025-08-22 12:17:43,650 - Knowledge - INFO - Found code_base: <app.utils.kg_build.knowledge.KnowledgeCodeBase object at 0x78b362ec1730>
2025-08-22 12:17:43,650 - Knowledge - INFO - persist ingested knowledge for /home/prasanth/projects/kavia/graphnode-backend-api/data/T0005/644038/b90250b/chatnest-644038/frontend/src/components/ChatSidebar.tsx
2025-08-22 12:17:43,657 - Knowledge - INFO - worker kw16 pull /home/prasanth/projects/kavia/graphnode-backend-api/data/T0005/644038/b90250b/chatnest-644038/frontend/src/components/ui/drawer.tsx from ingest queue
2025-08-22 12:17:43,658 - Knowledge - INFO - Thread kw16 - File drawer.tsx - Remaining files in queue: 39
2025-08-22 12:17:43,658 - Knowledge - INFO - start ingest for /home/prasanth/projects/kavia/graphnode-backend-api/data/T0005/644038/b90250b/chatnest-644038/frontend/src/components/ui/drawer.tsx
2025-08-22 12:17:44,058 - Knowledge - INFO - done ingest for /home/prasanth/projects/kavia/graphnode-backend-api/data/T0005/644038/b90250b/chatnest-644038/frontend/src/components/ui/dialog.tsx
2025-08-22 12:17:44,119 - Knowledge - INFO - process ingested knowledge for /home/prasanth/projects/kavia/graphnode-backend-api/data/T0005/644038/b90250b/chatnest-644038/frontend/src/components/ui/dialog.tsx
2025-08-22 12:17:44,737 - Knowledge - INFO - persist search terms embedding for frontend/src/components/ChatSidebar.tsx
2025-08-22 12:17:44,738 - Knowledge - INFO - worker kw22 pull /home/prasanth/projects/kavia/graphnode-backend-api/data/T0005/644038/b90250b/chatnest-644038/frontend/src/components/ui/menubar.tsx from ingest queue
2025-08-22 12:17:44,738 - Knowledge - INFO - Thread kw22 - File menubar.tsx - Remaining files in queue: 38
2025-08-22 12:17:44,738 - Knowledge - INFO - start ingest for /home/prasanth/projects/kavia/graphnode-backend-api/data/T0005/644038/b90250b/chatnest-644038/frontend/src/components/ui/menubar.tsx
2025-08-22 12:17:44,741 - Knowledge - INFO - worker kw7 pull /home/prasanth/projects/kavia/graphnode-backend-api/data/T0005/644038/b90250b/chatnest-644038/frontend/src/components/ui/sidebar.tsx from ingest queue
2025-08-22 12:17:44,742 - Knowledge - INFO - Thread kw7 - File sidebar.tsx - Remaining files in queue: 37
2025-08-22 12:17:44,742 - Knowledge - INFO - start ingest for /home/prasanth/projects/kavia/graphnode-backend-api/data/T0005/644038/b90250b/chatnest-644038/frontend/src/components/ui/sidebar.tsx
2025-08-22 12:17:44,747 - Knowledge - INFO - Found code-base-name: https://github.com/kavia-common/chatnest-644038.git:kavia-master
2025-08-22 12:17:44,748 - Knowledge - INFO - Found code_base: <app.utils.kg_build.knowledge.KnowledgeCodeBase object at 0x78b362ec1730>
2025-08-22 12:17:44,748 - Knowledge - INFO - persist ingested knowledge for /home/prasanth/projects/kavia/graphnode-backend-api/data/T0005/644038/b90250b/chatnest-644038/frontend/src/components/ui/dialog.tsx
2025-08-22 12:17:44,752 - Knowledge - INFO - worker kw10 pull /home/prasanth/projects/kavia/graphnode-backend-api/data/T0005/644038/b90250b/chatnest-644038/frontend/src/components/ui/label.tsx from ingest queue
2025-08-22 12:17:44,753 - Knowledge - INFO - Thread kw10 - File label.tsx - Remaining files in queue: 36
2025-08-22 12:17:44,754 - Knowledge - INFO - start ingest for /home/prasanth/projects/kavia/graphnode-backend-api/data/T0005/644038/b90250b/chatnest-644038/frontend/src/components/ui/label.tsx
2025-08-22 12:17:45,808 - Knowledge - INFO - persist search terms embedding for frontend/src/components/ui/dialog.tsx
2025-08-22 12:17:45,809 - Knowledge - INFO - worker kw19 pull /home/prasanth/projects/kavia/graphnode-backend-api/data/T0005/644038/b90250b/chatnest-644038/frontend/src/components/ui/avatar.tsx from ingest queue
2025-08-22 12:17:45,809 - Knowledge - INFO - Thread kw19 - File avatar.tsx - Remaining files in queue: 35
2025-08-22 12:17:45,809 - Knowledge - INFO - start ingest for /home/prasanth/projects/kavia/graphnode-backend-api/data/T0005/644038/b90250b/chatnest-644038/frontend/src/components/ui/avatar.tsx
2025-08-22 12:17:45,990 - Knowledge - INFO - done ingest for /home/prasanth/projects/kavia/graphnode-backend-api/data/T0005/644038/b90250b/chatnest-644038/frontend/src/hooks/use-toast.ts
2025-08-22 12:17:46,051 - Knowledge - INFO - process ingested knowledge for /home/prasanth/projects/kavia/graphnode-backend-api/data/T0005/644038/b90250b/chatnest-644038/frontend/src/hooks/use-toast.ts
2025-08-22 12:17:46,052 - Knowledge - INFO - Found code-base-name: https://github.com/kavia-common/chatnest-644038.git:kavia-master
2025-08-22 12:17:46,052 - Knowledge - INFO - Found code_base: <app.utils.kg_build.knowledge.KnowledgeCodeBase object at 0x78b362ec1730>
2025-08-22 12:17:46,052 - Knowledge - INFO - persist ingested knowledge for /home/prasanth/projects/kavia/graphnode-backend-api/data/T0005/644038/b90250b/chatnest-644038/frontend/src/hooks/use-toast.ts
2025-08-22 12:17:47,231 - Knowledge - INFO - persist search terms embedding for frontend/src/hooks/use-toast.ts
2025-08-22 12:17:47,235 - Knowledge - INFO - worker kw1 pull /home/prasanth/projects/kavia/graphnode-backend-api/data/T0005/644038/b90250b/chatnest-644038/frontend/src/components/ui/progress.tsx from ingest queue
2025-08-22 12:17:47,235 - Knowledge - INFO - Thread kw1 - File progress.tsx - Remaining files in queue: 34
2025-08-22 12:17:47,235 - Knowledge - INFO - start ingest for /home/prasanth/projects/kavia/graphnode-backend-api/data/T0005/644038/b90250b/chatnest-644038/frontend/src/components/ui/progress.tsx
2025-08-22 12:17:55,024 - Knowledge - INFO - done ingest for /home/prasanth/projects/kavia/graphnode-backend-api/data/T0005/644038/b90250b/chatnest-644038/frontend/src/components/ui/accordion.tsx
2025-08-22 12:17:55,090 - Knowledge - INFO - process ingested knowledge for /home/prasanth/projects/kavia/graphnode-backend-api/data/T0005/644038/b90250b/chatnest-644038/frontend/src/components/ui/accordion.tsx
2025-08-22 12:17:55,091 - Knowledge - INFO - Found code-base-name: https://github.com/kavia-common/chatnest-644038.git:kavia-master
2025-08-22 12:17:55,092 - Knowledge - INFO - Found code_base: <app.utils.kg_build.knowledge.KnowledgeCodeBase object at 0x78b362ec1730>
2025-08-22 12:17:55,092 - Knowledge - INFO - persist ingested knowledge for /home/prasanth/projects/kavia/graphnode-backend-api/data/T0005/644038/b90250b/chatnest-644038/frontend/src/components/ui/accordion.tsx
2025-08-22 12:17:55,774 - Knowledge - INFO - persist search terms embedding for frontend/src/components/ui/accordion.tsx
2025-08-22 12:17:55,786 - Knowledge - INFO - worker kw18 pull /home/prasanth/projects/kavia/graphnode-backend-api/data/T0005/644038/b90250b/chatnest-644038/frontend/src/components/ui/input-otp.tsx from ingest queue
2025-08-22 12:17:55,786 - Knowledge - INFO - Thread kw18 - File input-otp.tsx - Remaining files in queue: 33
2025-08-22 12:17:55,786 - Knowledge - INFO - start ingest for /home/prasanth/projects/kavia/graphnode-backend-api/data/T0005/644038/b90250b/chatnest-644038/frontend/src/components/ui/input-otp.tsx
2025-08-22 12:17:56,698 - Knowledge - INFO - done ingest for /home/prasanth/projects/kavia/graphnode-backend-api/data/T0005/644038/b90250b/chatnest-644038/frontend/src/components/ui/badge.tsx
2025-08-22 12:17:56,750 - Knowledge - INFO - process ingested knowledge for /home/prasanth/projects/kavia/graphnode-backend-api/data/T0005/644038/b90250b/chatnest-644038/frontend/src/components/ui/badge.tsx
2025-08-22 12:17:56,751 - Knowledge - INFO - Found code-base-name: https://github.com/kavia-common/chatnest-644038.git:kavia-master
2025-08-22 12:17:56,751 - Knowledge - INFO - Found code_base: <app.utils.kg_build.knowledge.KnowledgeCodeBase object at 0x78b362ec1730>
2025-08-22 12:17:56,751 - Knowledge - INFO - persist ingested knowledge for /home/prasanth/projects/kavia/graphnode-backend-api/data/T0005/644038/b90250b/chatnest-644038/frontend/src/components/ui/badge.tsx
2025-08-22 12:17:57,112 - Knowledge - INFO - done ingest for /home/prasanth/projects/kavia/graphnode-backend-api/data/T0005/644038/b90250b/chatnest-644038/frontend/src/components/ui/toast.tsx
2025-08-22 12:17:57,175 - Knowledge - INFO - process ingested knowledge for /home/prasanth/projects/kavia/graphnode-backend-api/data/T0005/644038/b90250b/chatnest-644038/frontend/src/components/ui/toast.tsx
2025-08-22 12:17:57,592 - Knowledge - INFO - persist search terms embedding for frontend/src/components/ui/badge.tsx
2025-08-22 12:17:57,594 - Knowledge - INFO - Found code-base-name: https://github.com/kavia-common/chatnest-644038.git:kavia-master
2025-08-22 12:17:57,595 - Knowledge - INFO - Found code_base: <app.utils.kg_build.knowledge.KnowledgeCodeBase object at 0x78b362ec1730>
2025-08-22 12:17:57,595 - Knowledge - INFO - persist ingested knowledge for /home/prasanth/projects/kavia/graphnode-backend-api/data/T0005/644038/b90250b/chatnest-644038/frontend/src/components/ui/toast.tsx
2025-08-22 12:17:58,279 - Knowledge - INFO - persist search terms embedding for frontend/src/components/ui/toast.tsx
2025-08-22 12:17:58,280 - Knowledge - INFO - worker kw3 pull /home/prasanth/projects/kavia/graphnode-backend-api/data/T0005/644038/b90250b/chatnest-644038/frontend/src/components/ui/breadcrumb.tsx from ingest queue
2025-08-22 12:17:58,280 - Knowledge - INFO - Thread kw3 - File breadcrumb.tsx - Remaining files in queue: 32
2025-08-22 12:17:58,280 - Knowledge - INFO - start ingest for /home/prasanth/projects/kavia/graphnode-backend-api/data/T0005/644038/b90250b/chatnest-644038/frontend/src/components/ui/breadcrumb.tsx
2025-08-22 12:17:58,280 - Knowledge - INFO - worker kw13 pull /home/prasanth/projects/kavia/graphnode-backend-api/data/T0005/644038/b90250b/chatnest-644038/frontend/src/components/ui/slider.tsx from ingest queue
2025-08-22 12:17:58,280 - Knowledge - INFO - Thread kw13 - File slider.tsx - Remaining files in queue: 31
2025-08-22 12:17:58,280 - Knowledge - INFO - start ingest for /home/prasanth/projects/kavia/graphnode-backend-api/data/T0005/644038/b90250b/chatnest-644038/frontend/src/components/ui/slider.tsx
2025-08-22 12:17:59,499 - Knowledge - INFO - done ingest for /home/prasanth/projects/kavia/graphnode-backend-api/data/T0005/644038/b90250b/chatnest-644038/backend/routes.py
2025-08-22 12:17:59,633 - Knowledge - INFO - process ingested knowledge for /home/prasanth/projects/kavia/graphnode-backend-api/data/T0005/644038/b90250b/chatnest-644038/backend/routes.py
2025-08-22 12:17:59,633 - Knowledge - INFO - Found code-base-name: https://github.com/kavia-common/chatnest-644038.git:kavia-master
2025-08-22 12:17:59,633 - Knowledge - INFO - Found code_base: <app.utils.kg_build.knowledge.KnowledgeCodeBase object at 0x78b362ec1730>
2025-08-22 12:17:59,633 - Knowledge - INFO - persist ingested knowledge for /home/prasanth/projects/kavia/graphnode-backend-api/data/T0005/644038/b90250b/chatnest-644038/backend/routes.py
2025-08-22 12:17:59,735 - Knowledge - INFO - done ingest for /home/prasanth/projects/kavia/graphnode-backend-api/data/T0005/644038/b90250b/chatnest-644038/frontend/src/components/ui/button.tsx
2025-08-22 12:17:59,823 - Knowledge - INFO - process ingested knowledge for /home/prasanth/projects/kavia/graphnode-backend-api/data/T0005/644038/b90250b/chatnest-644038/frontend/src/components/ui/button.tsx
2025-08-22 12:18:00,172 - Knowledge - INFO - persist search terms embedding for backend/routes.py
2025-08-22 12:18:00,175 - Knowledge - INFO - Found code-base-name: https://github.com/kavia-common/chatnest-644038.git:kavia-master
2025-08-22 12:18:00,175 - Knowledge - INFO - Found code_base: <app.utils.kg_build.knowledge.KnowledgeCodeBase object at 0x78b362ec1730>
2025-08-22 12:18:00,175 - Knowledge - INFO - persist ingested knowledge for /home/prasanth/projects/kavia/graphnode-backend-api/data/T0005/644038/b90250b/chatnest-644038/frontend/src/components/ui/button.tsx
2025-08-22 12:18:00,838 - Knowledge - INFO - persist search terms embedding for frontend/src/components/ui/button.tsx
2025-08-22 12:18:00,853 - Knowledge - INFO - worker kw9 pull /home/prasanth/projects/kavia/graphnode-backend-api/data/T0005/644038/b90250b/chatnest-644038/frontend/src/components/ui/hover-card.tsx from ingest queue
2025-08-22 12:18:00,853 - Knowledge - INFO - Thread kw9 - File hover-card.tsx - Remaining files in queue: 30
2025-08-22 12:18:00,853 - Knowledge - INFO - start ingest for /home/prasanth/projects/kavia/graphnode-backend-api/data/T0005/644038/b90250b/chatnest-644038/frontend/src/components/ui/hover-card.tsx
2025-08-22 12:18:00,865 - Knowledge - INFO - worker kw8 pull /home/prasanth/projects/kavia/graphnode-backend-api/data/T0005/644038/b90250b/chatnest-644038/frontend/src/components/ui/carousel.tsx from ingest queue
2025-08-22 12:18:00,865 - Knowledge - INFO - Thread kw8 - File carousel.tsx - Remaining files in queue: 29
2025-08-22 12:18:00,866 - Knowledge - INFO - start ingest for /home/prasanth/projects/kavia/graphnode-backend-api/data/T0005/644038/b90250b/chatnest-644038/frontend/src/components/ui/carousel.tsx
2025-08-22 12:18:02,959 - Knowledge - INFO - done ingest for /home/prasanth/projects/kavia/graphnode-backend-api/data/T0005/644038/b90250b/chatnest-644038/frontend/src/components/ui/input.tsx
2025-08-22 12:18:03,061 - Knowledge - INFO - process ingested knowledge for /home/prasanth/projects/kavia/graphnode-backend-api/data/T0005/644038/b90250b/chatnest-644038/frontend/src/components/ui/input.tsx
2025-08-22 12:18:03,061 - Knowledge - INFO - Found code-base-name: https://github.com/kavia-common/chatnest-644038.git:kavia-master
2025-08-22 12:18:03,062 - Knowledge - INFO - Found code_base: <app.utils.kg_build.knowledge.KnowledgeCodeBase object at 0x78b362ec1730>
2025-08-22 12:18:03,062 - Knowledge - INFO - persist ingested knowledge for /home/prasanth/projects/kavia/graphnode-backend-api/data/T0005/644038/b90250b/chatnest-644038/frontend/src/components/ui/input.tsx
2025-08-22 12:18:03,744 - Knowledge - INFO - persist search terms embedding for frontend/src/components/ui/input.tsx
2025-08-22 12:18:03,751 - Knowledge - INFO - worker kw21 pull /home/prasanth/projects/kavia/graphnode-backend-api/data/T0005/644038/b90250b/chatnest-644038/frontend/src/components/ui/context-menu.tsx from ingest queue
2025-08-22 12:18:03,751 - Knowledge - INFO - Thread kw21 - File context-menu.tsx - Remaining files in queue: 28
2025-08-22 12:18:03,751 - Knowledge - INFO - start ingest for /home/prasanth/projects/kavia/graphnode-backend-api/data/T0005/644038/b90250b/chatnest-644038/frontend/src/components/ui/context-menu.tsx
2025-08-22 12:18:05,345 - Knowledge - INFO - done ingest for /home/prasanth/projects/kavia/graphnode-backend-api/data/T0005/644038/b90250b/chatnest-644038/frontend/src/components/ui/toggle-group.tsx
2025-08-22 12:18:05,421 - Knowledge - INFO - process ingested knowledge for /home/prasanth/projects/kavia/graphnode-backend-api/data/T0005/644038/b90250b/chatnest-644038/frontend/src/components/ui/toggle-group.tsx
2025-08-22 12:18:05,422 - Knowledge - INFO - Found code-base-name: https://github.com/kavia-common/chatnest-644038.git:kavia-master
2025-08-22 12:18:05,423 - Knowledge - INFO - Found code_base: <app.utils.kg_build.knowledge.KnowledgeCodeBase object at 0x78b362ec1730>
2025-08-22 12:18:05,423 - Knowledge - INFO - persist ingested knowledge for /home/prasanth/projects/kavia/graphnode-backend-api/data/T0005/644038/b90250b/chatnest-644038/frontend/src/components/ui/toggle-group.tsx
2025-08-22 12:18:06,224 - Knowledge - INFO - persist search terms embedding for frontend/src/components/ui/toggle-group.tsx
2025-08-22 12:18:06,230 - Knowledge - INFO - worker kw15 pull /home/prasanth/projects/kavia/graphnode-backend-api/data/T0005/644038/b90250b/chatnest-644038/frontend/src/components/ui/card.tsx from ingest queue
2025-08-22 12:18:06,230 - Knowledge - INFO - Thread kw15 - File card.tsx - Remaining files in queue: 27
2025-08-22 12:18:06,231 - Knowledge - INFO - start ingest for /home/prasanth/projects/kavia/graphnode-backend-api/data/T0005/644038/b90250b/chatnest-644038/frontend/src/components/ui/card.tsx
2025-08-22 12:18:06,347 - Knowledge - INFO - done ingest for /home/prasanth/projects/kavia/graphnode-backend-api/data/T0005/644038/b90250b/chatnest-644038/frontend/src/components/ui/navigation-menu.tsx
2025-08-22 12:18:06,409 - Knowledge - INFO - process ingested knowledge for /home/prasanth/projects/kavia/graphnode-backend-api/data/T0005/644038/b90250b/chatnest-644038/frontend/src/components/ui/navigation-menu.tsx
2025-08-22 12:18:06,409 - Knowledge - INFO - Found code-base-name: https://github.com/kavia-common/chatnest-644038.git:kavia-master
2025-08-22 12:18:06,409 - Knowledge - INFO - Found code_base: <app.utils.kg_build.knowledge.KnowledgeCodeBase object at 0x78b362ec1730>
2025-08-22 12:18:06,409 - Knowledge - INFO - persist ingested knowledge for /home/prasanth/projects/kavia/graphnode-backend-api/data/T0005/644038/b90250b/chatnest-644038/frontend/src/components/ui/navigation-menu.tsx
2025-08-22 12:18:07,269 - Knowledge - INFO - persist search terms embedding for frontend/src/components/ui/navigation-menu.tsx
2025-08-22 12:18:07,274 - Knowledge - INFO - worker kw20 pull /home/prasanth/projects/kavia/graphnode-backend-api/data/T0005/644038/b90250b/chatnest-644038/frontend/src/components/ui/resizable.tsx from ingest queue
2025-08-22 12:18:07,274 - Knowledge - INFO - Thread kw20 - File resizable.tsx - Remaining files in queue: 26
2025-08-22 12:18:07,274 - Knowledge - INFO - start ingest for /home/prasanth/projects/kavia/graphnode-backend-api/data/T0005/644038/b90250b/chatnest-644038/frontend/src/components/ui/resizable.tsx
2025-08-22 12:18:07,735 - Knowledge - INFO - done ingest for /home/prasanth/projects/kavia/graphnode-backend-api/data/T0005/644038/b90250b/chatnest-644038/frontend/src/components/ui/command.tsx
2025-08-22 12:18:07,849 - Knowledge - INFO - process ingested knowledge for /home/prasanth/projects/kavia/graphnode-backend-api/data/T0005/644038/b90250b/chatnest-644038/frontend/src/components/ui/command.tsx
2025-08-22 12:18:07,849 - Knowledge - INFO - Found code-base-name: https://github.com/kavia-common/chatnest-644038.git:kavia-master
2025-08-22 12:18:07,849 - Knowledge - INFO - Found code_base: <app.utils.kg_build.knowledge.KnowledgeCodeBase object at 0x78b362ec1730>
2025-08-22 12:18:07,849 - Knowledge - INFO - persist ingested knowledge for /home/prasanth/projects/kavia/graphnode-backend-api/data/T0005/644038/b90250b/chatnest-644038/frontend/src/components/ui/command.tsx
2025-08-22 12:18:08,491 - Knowledge - INFO - persist search terms embedding for frontend/src/components/ui/command.tsx
2025-08-22 12:18:08,497 - Knowledge - INFO - worker kw6 pull /home/prasanth/projects/kavia/graphnode-backend-api/data/T0005/644038/b90250b/chatnest-644038/frontend/src/components/ReadyToChatState.tsx from ingest queue
2025-08-22 12:18:08,497 - Knowledge - INFO - Thread kw6 - File ReadyToChatState.tsx - Remaining files in queue: 25
2025-08-22 12:18:08,497 - Knowledge - INFO - start ingest for /home/prasanth/projects/kavia/graphnode-backend-api/data/T0005/644038/b90250b/chatnest-644038/frontend/src/components/ReadyToChatState.tsx
2025-08-22 12:18:10,211 - Knowledge - INFO - done ingest for /home/prasanth/projects/kavia/graphnode-backend-api/data/T0005/644038/b90250b/chatnest-644038/frontend/src/components/ui/sonner.tsx
2025-08-22 12:18:10,311 - Knowledge - INFO - process ingested knowledge for /home/prasanth/projects/kavia/graphnode-backend-api/data/T0005/644038/b90250b/chatnest-644038/frontend/src/components/ui/sonner.tsx
2025-08-22 12:18:10,312 - Knowledge - INFO - Found code-base-name: https://github.com/kavia-common/chatnest-644038.git:kavia-master
2025-08-22 12:18:10,312 - Knowledge - INFO - Found code_base: <app.utils.kg_build.knowledge.KnowledgeCodeBase object at 0x78b362ec1730>
2025-08-22 12:18:10,312 - Knowledge - INFO - persist ingested knowledge for /home/prasanth/projects/kavia/graphnode-backend-api/data/T0005/644038/b90250b/chatnest-644038/frontend/src/components/ui/sonner.tsx
2025-08-22 12:18:10,544 - Knowledge - INFO - done ingest for /home/prasanth/projects/kavia/graphnode-backend-api/data/T0005/644038/b90250b/chatnest-644038/frontend/src/components/ui/radio-group.tsx
2025-08-22 12:18:10,609 - Knowledge - INFO - process ingested knowledge for /home/prasanth/projects/kavia/graphnode-backend-api/data/T0005/644038/b90250b/chatnest-644038/frontend/src/components/ui/radio-group.tsx
2025-08-22 12:18:11,054 - Knowledge - INFO - persist search terms embedding for frontend/src/components/ui/sonner.tsx
2025-08-22 12:18:11,055 - Knowledge - INFO - Found code-base-name: https://github.com/kavia-common/chatnest-644038.git:kavia-master
2025-08-22 12:18:11,055 - Knowledge - INFO - Found code_base: <app.utils.kg_build.knowledge.KnowledgeCodeBase object at 0x78b362ec1730>
2025-08-22 12:18:11,055 - Knowledge - INFO - persist ingested knowledge for /home/prasanth/projects/kavia/graphnode-backend-api/data/T0005/644038/b90250b/chatnest-644038/frontend/src/components/ui/radio-group.tsx
2025-08-22 12:18:11,057 - Knowledge - INFO - worker kw17 pull /home/prasanth/projects/kavia/graphnode-backend-api/data/T0005/644038/b90250b/chatnest-644038/frontend/src/components/ui/form.tsx from ingest queue
2025-08-22 12:18:11,057 - Knowledge - INFO - Thread kw17 - File form.tsx - Remaining files in queue: 24
2025-08-22 12:18:11,057 - Knowledge - INFO - start ingest for /home/prasanth/projects/kavia/graphnode-backend-api/data/T0005/644038/b90250b/chatnest-644038/frontend/src/components/ui/form.tsx
2025-08-22 12:18:11,758 - Knowledge - INFO - done ingest for /home/prasanth/projects/kavia/graphnode-backend-api/data/T0005/644038/b90250b/chatnest-644038/frontend/src/components/ui/label.tsx
2025-08-22 12:18:11,787 - Knowledge - INFO - persist search terms embedding for frontend/src/components/ui/radio-group.tsx
2025-08-22 12:18:11,798 - Knowledge - INFO - worker kw2 pull /home/prasanth/projects/kavia/graphnode-backend-api/data/T0005/644038/b90250b/chatnest-644038/frontend/src/components/SettingsModal.tsx from ingest queue
2025-08-22 12:18:11,798 - Knowledge - INFO - Thread kw2 - File SettingsModal.tsx - Remaining files in queue: 23
2025-08-22 12:18:11,798 - Knowledge - INFO - start ingest for /home/prasanth/projects/kavia/graphnode-backend-api/data/T0005/644038/b90250b/chatnest-644038/frontend/src/components/SettingsModal.tsx
2025-08-22 12:18:11,839 - Knowledge - INFO - process ingested knowledge for /home/prasanth/projects/kavia/graphnode-backend-api/data/T0005/644038/b90250b/chatnest-644038/frontend/src/components/ui/label.tsx
2025-08-22 12:18:11,839 - Knowledge - INFO - Found code-base-name: https://github.com/kavia-common/chatnest-644038.git:kavia-master
2025-08-22 12:18:11,839 - Knowledge - INFO - Found code_base: <app.utils.kg_build.knowledge.KnowledgeCodeBase object at 0x78b362ec1730>
2025-08-22 12:18:11,839 - Knowledge - INFO - persist ingested knowledge for /home/prasanth/projects/kavia/graphnode-backend-api/data/T0005/644038/b90250b/chatnest-644038/frontend/src/components/ui/label.tsx
2025-08-22 12:18:12,576 - Knowledge - INFO - persist search terms embedding for frontend/src/components/ui/label.tsx
2025-08-22 12:18:12,577 - Knowledge - INFO - worker kw10 pull /home/prasanth/projects/kavia/graphnode-backend-api/data/T0005/644038/b90250b/chatnest-644038/frontend/src/components/ui/table.tsx from ingest queue
2025-08-22 12:18:12,577 - Knowledge - INFO - Thread kw10 - File table.tsx - Remaining files in queue: 22
2025-08-22 12:18:12,577 - Knowledge - INFO - start ingest for /home/prasanth/projects/kavia/graphnode-backend-api/data/T0005/644038/b90250b/chatnest-644038/frontend/src/components/ui/table.tsx
2025-08-22 12:18:12,846 - Knowledge - INFO - done ingest for /home/prasanth/projects/kavia/graphnode-backend-api/data/T0005/644038/b90250b/chatnest-644038/frontend/src/components/ui/progress.tsx
2025-08-22 12:18:12,920 - Knowledge - INFO - process ingested knowledge for /home/prasanth/projects/kavia/graphnode-backend-api/data/T0005/644038/b90250b/chatnest-644038/frontend/src/components/ui/progress.tsx
2025-08-22 12:18:12,921 - Knowledge - INFO - Found code-base-name: https://github.com/kavia-common/chatnest-644038.git:kavia-master
2025-08-22 12:18:12,921 - Knowledge - INFO - Found code_base: <app.utils.kg_build.knowledge.KnowledgeCodeBase object at 0x78b362ec1730>
2025-08-22 12:18:12,921 - Knowledge - INFO - persist ingested knowledge for /home/prasanth/projects/kavia/graphnode-backend-api/data/T0005/644038/b90250b/chatnest-644038/frontend/src/components/ui/progress.tsx
2025-08-22 12:18:13,310 - Knowledge - INFO - done ingest for /home/prasanth/projects/kavia/graphnode-backend-api/data/T0005/644038/b90250b/chatnest-644038/frontend/src/components/ui/avatar.tsx
2025-08-22 12:18:13,375 - Knowledge - INFO - process ingested knowledge for /home/prasanth/projects/kavia/graphnode-backend-api/data/T0005/644038/b90250b/chatnest-644038/frontend/src/components/ui/avatar.tsx
2025-08-22 12:18:13,661 - Knowledge - INFO - persist search terms embedding for frontend/src/components/ui/progress.tsx
2025-08-22 12:18:13,671 - Knowledge - INFO - Found code-base-name: https://github.com/kavia-common/chatnest-644038.git:kavia-master
2025-08-22 12:18:13,671 - Knowledge - INFO - Found code_base: <app.utils.kg_build.knowledge.KnowledgeCodeBase object at 0x78b362ec1730>
2025-08-22 12:18:13,671 - Knowledge - INFO - persist ingested knowledge for /home/prasanth/projects/kavia/graphnode-backend-api/data/T0005/644038/b90250b/chatnest-644038/frontend/src/components/ui/avatar.tsx
2025-08-22 12:18:13,682 - Knowledge - INFO - worker kw1 pull /home/prasanth/projects/kavia/graphnode-backend-api/data/T0005/644038/b90250b/chatnest-644038/frontend/src/components/LoginPage.tsx from ingest queue
2025-08-22 12:18:13,682 - Knowledge - INFO - Thread kw1 - File LoginPage.tsx - Remaining files in queue: 21
2025-08-22 12:18:13,683 - Knowledge - INFO - start ingest for /home/prasanth/projects/kavia/graphnode-backend-api/data/T0005/644038/b90250b/chatnest-644038/frontend/src/components/LoginPage.tsx
2025-08-22 12:18:13,712 - Knowledge - INFO - done ingest for /home/prasanth/projects/kavia/graphnode-backend-api/data/T0005/644038/b90250b/chatnest-644038/frontend/src/components/ui/checkbox.tsx
2025-08-22 12:18:13,771 - Knowledge - INFO - process ingested knowledge for /home/prasanth/projects/kavia/graphnode-backend-api/data/T0005/644038/b90250b/chatnest-644038/frontend/src/components/ui/checkbox.tsx
2025-08-22 12:18:14,038 - Knowledge - INFO - done ingest for /home/prasanth/projects/kavia/graphnode-backend-api/data/T0005/644038/b90250b/chatnest-644038/frontend/src/components/ui/popover.tsx
2025-08-22 12:18:14,113 - Knowledge - INFO - process ingested knowledge for /home/prasanth/projects/kavia/graphnode-backend-api/data/T0005/644038/b90250b/chatnest-644038/frontend/src/components/ui/popover.tsx
2025-08-22 12:18:14,338 - Knowledge - INFO - persist search terms embedding for frontend/src/components/ui/avatar.tsx
2025-08-22 12:18:14,340 - Knowledge - INFO - Found code-base-name: https://github.com/kavia-common/chatnest-644038.git:kavia-master
2025-08-22 12:18:14,340 - Knowledge - INFO - Found code_base: <app.utils.kg_build.knowledge.KnowledgeCodeBase object at 0x78b362ec1730>
2025-08-22 12:18:14,340 - Knowledge - INFO - persist ingested knowledge for /home/prasanth/projects/kavia/graphnode-backend-api/data/T0005/644038/b90250b/chatnest-644038/frontend/src/components/ui/checkbox.tsx
2025-08-22 12:18:14,362 - Knowledge - INFO - Found code-base-name: https://github.com/kavia-common/chatnest-644038.git:kavia-master
2025-08-22 12:18:14,363 - Knowledge - INFO - Found code_base: <app.utils.kg_build.knowledge.KnowledgeCodeBase object at 0x78b362ec1730>
2025-08-22 12:18:14,363 - Knowledge - INFO - persist ingested knowledge for /home/prasanth/projects/kavia/graphnode-backend-api/data/T0005/644038/b90250b/chatnest-644038/frontend/src/components/ui/popover.tsx
2025-08-22 12:18:15,025 - Knowledge - INFO - persist search terms embedding for frontend/src/components/ui/checkbox.tsx
2025-08-22 12:18:15,548 - Knowledge - INFO - persist search terms embedding for frontend/src/components/ui/popover.tsx
2025-08-22 12:18:15,555 - Knowledge - INFO - worker kw19 pull /home/prasanth/projects/kavia/graphnode-backend-api/data/T0005/644038/b90250b/chatnest-644038/frontend/src/vite-env.d.ts from ingest queue
2025-08-22 12:18:15,556 - Knowledge - INFO - Thread kw19 - File vite-env.d.ts - Remaining files in queue: 20
2025-08-22 12:18:15,557 - Knowledge - INFO - start ingest for /home/prasanth/projects/kavia/graphnode-backend-api/data/T0005/644038/b90250b/chatnest-644038/frontend/src/vite-env.d.ts
2025-08-22 12:18:15,561 - Knowledge - INFO - worker kw5 pull /home/prasanth/projects/kavia/graphnode-backend-api/data/T0005/644038/b90250b/chatnest-644038/frontend/src/components/ApiKeyInput.tsx from ingest queue
2025-08-22 12:18:15,561 - Knowledge - INFO - Thread kw5 - File ApiKeyInput.tsx - Remaining files in queue: 19
2025-08-22 12:18:15,561 - Knowledge - INFO - start ingest for /home/prasanth/projects/kavia/graphnode-backend-api/data/T0005/644038/b90250b/chatnest-644038/frontend/src/components/ApiKeyInput.tsx
2025-08-22 12:18:15,566 - Knowledge - INFO - worker kw24 pull /home/prasanth/projects/kavia/graphnode-backend-api/data/T0005/644038/b90250b/chatnest-644038/frontend/src/services/chatApiService.ts from ingest queue
2025-08-22 12:18:15,566 - Knowledge - INFO - Thread kw24 - File chatApiService.ts - Remaining files in queue: 18
2025-08-22 12:18:15,567 - Knowledge - INFO - start ingest for /home/prasanth/projects/kavia/graphnode-backend-api/data/T0005/644038/b90250b/chatnest-644038/frontend/src/services/chatApiService.ts
2025-08-22 12:18:15,579 - Knowledge - INFO - Fast-track processing for simple file: /home/prasanth/projects/kavia/graphnode-backend-api/data/T0005/644038/b90250b/chatnest-644038/frontend/src/vite-env.d.ts
2025-08-22 12:18:15,579 - Knowledge - INFO - done fast ingest for /home/prasanth/projects/kavia/graphnode-backend-api/data/T0005/644038/b90250b/chatnest-644038/frontend/src/vite-env.d.ts
2025-08-22 12:18:15,640 - Knowledge - INFO - process ingested knowledge for /home/prasanth/projects/kavia/graphnode-backend-api/data/T0005/644038/b90250b/chatnest-644038/frontend/src/vite-env.d.ts
2025-08-22 12:18:15,640 - Knowledge - INFO - Found code-base-name: https://github.com/kavia-common/chatnest-644038.git:kavia-master
2025-08-22 12:18:15,641 - Knowledge - INFO - Found code_base: <app.utils.kg_build.knowledge.KnowledgeCodeBase object at 0x78b362ec1730>
2025-08-22 12:18:15,641 - Knowledge - INFO - persist ingested knowledge for /home/prasanth/projects/kavia/graphnode-backend-api/data/T0005/644038/b90250b/chatnest-644038/frontend/src/vite-env.d.ts
2025-08-22 12:18:15,643 - Knowledge - INFO - done ingest for /home/prasanth/projects/kavia/graphnode-backend-api/data/T0005/644038/b90250b/chatnest-644038/frontend/src/components/ChatWindow.tsx
2025-08-22 12:18:15,818 - Knowledge - INFO - process ingested knowledge for /home/prasanth/projects/kavia/graphnode-backend-api/data/T0005/644038/b90250b/chatnest-644038/frontend/src/components/ChatWindow.tsx
2025-08-22 12:18:15,882 - Knowledge - INFO - Found code-base-name: https://github.com/kavia-common/chatnest-644038.git:kavia-master
2025-08-22 12:18:15,882 - Knowledge - INFO - Found code_base: <app.utils.kg_build.knowledge.KnowledgeCodeBase object at 0x78b362ec1730>
2025-08-22 12:18:15,882 - Knowledge - INFO - persist ingested knowledge for /home/prasanth/projects/kavia/graphnode-backend-api/data/T0005/644038/b90250b/chatnest-644038/frontend/src/components/ChatWindow.tsx
2025-08-22 12:18:15,892 - Knowledge - INFO - worker kw19 pull /home/prasanth/projects/kavia/graphnode-backend-api/data/T0005/644038/b90250b/chatnest-644038/frontend/src/services/googleAiService.ts from ingest queue
2025-08-22 12:18:15,893 - Knowledge - INFO - Thread kw19 - File googleAiService.ts - Remaining files in queue: 17
2025-08-22 12:18:15,893 - Knowledge - INFO - start ingest for /home/prasanth/projects/kavia/graphnode-backend-api/data/T0005/644038/b90250b/chatnest-644038/frontend/src/services/googleAiService.ts
2025-08-22 12:18:16,509 - Knowledge - INFO - persist search terms embedding for frontend/src/components/ChatWindow.tsx
2025-08-22 12:18:16,509 - Knowledge - INFO - worker kw12 pull /home/prasanth/projects/kavia/graphnode-backend-api/data/T0005/644038/b90250b/chatnest-644038/frontend/src/main.tsx from ingest queue
2025-08-22 12:18:16,509 - Knowledge - INFO - Thread kw12 - File main.tsx - Remaining files in queue: 16
2025-08-22 12:18:16,509 - Knowledge - INFO - start ingest for /home/prasanth/projects/kavia/graphnode-backend-api/data/T0005/644038/b90250b/chatnest-644038/frontend/src/main.tsx
2025-08-22 12:18:16,524 - Knowledge - INFO - Fast-track processing for simple file: /home/prasanth/projects/kavia/graphnode-backend-api/data/T0005/644038/b90250b/chatnest-644038/frontend/src/main.tsx
2025-08-22 12:18:16,524 - Knowledge - INFO - done fast ingest for /home/prasanth/projects/kavia/graphnode-backend-api/data/T0005/644038/b90250b/chatnest-644038/frontend/src/main.tsx
2025-08-22 12:18:16,573 - Knowledge - INFO - process ingested knowledge for /home/prasanth/projects/kavia/graphnode-backend-api/data/T0005/644038/b90250b/chatnest-644038/frontend/src/main.tsx
2025-08-22 12:18:16,574 - Knowledge - INFO - Found code-base-name: https://github.com/kavia-common/chatnest-644038.git:kavia-master
2025-08-22 12:18:16,575 - Knowledge - INFO - Found code_base: <app.utils.kg_build.knowledge.KnowledgeCodeBase object at 0x78b362ec1730>
2025-08-22 12:18:16,575 - Knowledge - INFO - persist ingested knowledge for /home/prasanth/projects/kavia/graphnode-backend-api/data/T0005/644038/b90250b/chatnest-644038/frontend/src/main.tsx
2025-08-22 12:18:16,729 - Knowledge - INFO - worker kw12 pull /home/prasanth/projects/kavia/graphnode-backend-api/data/T0005/644038/b90250b/chatnest-644038/frontend/src/pages/Index.tsx from ingest queue
2025-08-22 12:18:16,729 - Knowledge - INFO - Thread kw12 - File Index.tsx - Remaining files in queue: 15
2025-08-22 12:18:16,729 - Knowledge - INFO - start ingest for /home/prasanth/projects/kavia/graphnode-backend-api/data/T0005/644038/b90250b/chatnest-644038/frontend/src/pages/Index.tsx
2025-08-22 12:18:19,240 - Knowledge - INFO - done ingest for /home/prasanth/projects/kavia/graphnode-backend-api/data/T0005/644038/b90250b/chatnest-644038/frontend/src/components/ui/select.tsx
2025-08-22 12:18:19,336 - Knowledge - INFO - process ingested knowledge for /home/prasanth/projects/kavia/graphnode-backend-api/data/T0005/644038/b90250b/chatnest-644038/frontend/src/components/ui/select.tsx
2025-08-22 12:18:19,337 - Knowledge - INFO - Found code-base-name: https://github.com/kavia-common/chatnest-644038.git:kavia-master
2025-08-22 12:18:19,338 - Knowledge - INFO - Found code_base: <app.utils.kg_build.knowledge.KnowledgeCodeBase object at 0x78b362ec1730>
2025-08-22 12:18:19,338 - Knowledge - INFO - persist ingested knowledge for /home/prasanth/projects/kavia/graphnode-backend-api/data/T0005/644038/b90250b/chatnest-644038/frontend/src/components/ui/select.tsx
2025-08-22 12:18:20,552 - Knowledge - INFO - persist search terms embedding for frontend/src/components/ui/select.tsx
2025-08-22 12:18:20,557 - Knowledge - INFO - worker kw14 pull /home/prasanth/projects/kavia/graphnode-backend-api/data/T0005/644038/b90250b/chatnest-644038/frontend/src/services/authService.ts from ingest queue
2025-08-22 12:18:20,557 - Knowledge - INFO - Thread kw14 - File authService.ts - Remaining files in queue: 14
2025-08-22 12:18:20,557 - Knowledge - INFO - start ingest for /home/prasanth/projects/kavia/graphnode-backend-api/data/T0005/644038/b90250b/chatnest-644038/frontend/src/services/authService.ts
2025-08-22 12:18:23,609 - Knowledge - INFO - done ingest for /home/prasanth/projects/kavia/graphnode-backend-api/data/T0005/644038/b90250b/chatnest-644038/frontend/src/components/ui/slider.tsx
2025-08-22 12:18:23,672 - Knowledge - INFO - process ingested knowledge for /home/prasanth/projects/kavia/graphnode-backend-api/data/T0005/644038/b90250b/chatnest-644038/frontend/src/components/ui/slider.tsx
2025-08-22 12:18:23,674 - Knowledge - INFO - Found code-base-name: https://github.com/kavia-common/chatnest-644038.git:kavia-master
2025-08-22 12:18:23,674 - Knowledge - INFO - Found code_base: <app.utils.kg_build.knowledge.KnowledgeCodeBase object at 0x78b362ec1730>
2025-08-22 12:18:23,674 - Knowledge - INFO - persist ingested knowledge for /home/prasanth/projects/kavia/graphnode-backend-api/data/T0005/644038/b90250b/chatnest-644038/frontend/src/components/ui/slider.tsx
2025-08-22 12:18:24,641 - Knowledge - INFO - persist search terms embedding for frontend/src/components/ui/slider.tsx
2025-08-22 12:18:24,643 - Knowledge - INFO - worker kw13 pull /home/prasanth/projects/kavia/graphnode-backend-api/data/T0005/644038/b90250b/chatnest-644038/frontend/src/App.tsx from ingest queue
2025-08-22 12:18:24,643 - Knowledge - INFO - Thread kw13 - File App.tsx - Remaining files in queue: 13
2025-08-22 12:18:24,643 - Knowledge - INFO - start ingest for /home/prasanth/projects/kavia/graphnode-backend-api/data/T0005/644038/b90250b/chatnest-644038/frontend/src/App.tsx
2025-08-22 12:18:29,215 - Knowledge - INFO - done ingest for /home/prasanth/projects/kavia/graphnode-backend-api/data/T0005/644038/b90250b/chatnest-644038/frontend/src/components/ui/breadcrumb.tsx
2025-08-22 12:18:29,292 - Knowledge - INFO - process ingested knowledge for /home/prasanth/projects/kavia/graphnode-backend-api/data/T0005/644038/b90250b/chatnest-644038/frontend/src/components/ui/breadcrumb.tsx
2025-08-22 12:18:29,293 - Knowledge - INFO - Found code-base-name: https://github.com/kavia-common/chatnest-644038.git:kavia-master
2025-08-22 12:18:29,293 - Knowledge - INFO - Found code_base: <app.utils.kg_build.knowledge.KnowledgeCodeBase object at 0x78b362ec1730>
2025-08-22 12:18:29,293 - Knowledge - INFO - persist ingested knowledge for /home/prasanth/projects/kavia/graphnode-backend-api/data/T0005/644038/b90250b/chatnest-644038/frontend/src/components/ui/breadcrumb.tsx
2025-08-22 12:18:29,854 - Knowledge - INFO - persist search terms embedding for frontend/src/components/ui/breadcrumb.tsx
2025-08-22 12:18:29,854 - Knowledge - INFO - worker kw3 pull /home/prasanth/projects/kavia/graphnode-backend-api/data/T0005/644038/b90250b/chatnest-644038/frontend/components.json from ingest queue
2025-08-22 12:18:29,855 - Knowledge - INFO - Thread kw3 - File components.json - Remaining files in queue: 12
2025-08-22 12:18:29,855 - Knowledge - INFO - start ingest for /home/prasanth/projects/kavia/graphnode-backend-api/data/T0005/644038/b90250b/chatnest-644038/frontend/components.json
2025-08-22 12:18:29,857 - Knowledge - INFO - Fast-track processing for simple file: /home/prasanth/projects/kavia/graphnode-backend-api/data/T0005/644038/b90250b/chatnest-644038/frontend/components.json
2025-08-22 12:18:29,858 - Knowledge - INFO - done fast ingest for /home/prasanth/projects/kavia/graphnode-backend-api/data/T0005/644038/b90250b/chatnest-644038/frontend/components.json
2025-08-22 12:18:29,858 - Knowledge - INFO - process ingested knowledge for /home/prasanth/projects/kavia/graphnode-backend-api/data/T0005/644038/b90250b/chatnest-644038/frontend/components.json
2025-08-22 12:18:29,858 - Knowledge - INFO - Found code-base-name: https://github.com/kavia-common/chatnest-644038.git:kavia-master
2025-08-22 12:18:29,858 - Knowledge - INFO - Found code_base: <app.utils.kg_build.knowledge.KnowledgeCodeBase object at 0x78b362ec1730>
2025-08-22 12:18:29,858 - Knowledge - INFO - persist ingested knowledge for /home/prasanth/projects/kavia/graphnode-backend-api/data/T0005/644038/b90250b/chatnest-644038/frontend/components.json
2025-08-22 12:18:30,006 - Knowledge - INFO - worker kw3 pull /home/prasanth/projects/kavia/graphnode-backend-api/data/T0005/644038/b90250b/chatnest-644038/frontend/src/pages/NotFound.tsx from ingest queue
2025-08-22 12:18:30,006 - Knowledge - INFO - Thread kw3 - File NotFound.tsx - Remaining files in queue: 11
2025-08-22 12:18:30,006 - Knowledge - INFO - start ingest for /home/prasanth/projects/kavia/graphnode-backend-api/data/T0005/644038/b90250b/chatnest-644038/frontend/src/pages/NotFound.tsx
2025-08-22 12:18:30,420 - Knowledge - INFO - done ingest for /home/prasanth/projects/kavia/graphnode-backend-api/data/T0005/644038/b90250b/chatnest-644038/frontend/src/components/ui/input-otp.tsx
2025-08-22 12:18:30,514 - Knowledge - INFO - process ingested knowledge for /home/prasanth/projects/kavia/graphnode-backend-api/data/T0005/644038/b90250b/chatnest-644038/frontend/src/components/ui/input-otp.tsx
2025-08-22 12:18:30,515 - Knowledge - INFO - Found code-base-name: https://github.com/kavia-common/chatnest-644038.git:kavia-master
2025-08-22 12:18:30,515 - Knowledge - INFO - Found code_base: <app.utils.kg_build.knowledge.KnowledgeCodeBase object at 0x78b362ec1730>
2025-08-22 12:18:30,515 - Knowledge - INFO - persist ingested knowledge for /home/prasanth/projects/kavia/graphnode-backend-api/data/T0005/644038/b90250b/chatnest-644038/frontend/src/components/ui/input-otp.tsx
2025-08-22 12:18:31,181 - Knowledge - INFO - done ingest for /home/prasanth/projects/kavia/graphnode-backend-api/data/T0005/644038/b90250b/chatnest-644038/frontend/src/components/ui/hover-card.tsx
2025-08-22 12:18:31,184 - Knowledge - INFO - persist search terms embedding for frontend/src/components/ui/input-otp.tsx
2025-08-22 12:18:31,184 - Knowledge - INFO - worker kw18 pull /home/prasanth/projects/kavia/graphnode-backend-api/data/T0005/644038/b90250b/chatnest-644038/frontend/tsconfig.app.json from ingest queue
2025-08-22 12:18:31,184 - Knowledge - INFO - Thread kw18 - File tsconfig.app.json - Remaining files in queue: 10
2025-08-22 12:18:31,184 - Knowledge - INFO - start ingest for /home/prasanth/projects/kavia/graphnode-backend-api/data/T0005/644038/b90250b/chatnest-644038/frontend/tsconfig.app.json
2025-08-22 12:18:31,189 - Knowledge - INFO - Fast-track processing for simple file: /home/prasanth/projects/kavia/graphnode-backend-api/data/T0005/644038/b90250b/chatnest-644038/frontend/tsconfig.app.json
2025-08-22 12:18:31,189 - Knowledge - INFO - done fast ingest for /home/prasanth/projects/kavia/graphnode-backend-api/data/T0005/644038/b90250b/chatnest-644038/frontend/tsconfig.app.json
2025-08-22 12:18:31,189 - Knowledge - INFO - process ingested knowledge for /home/prasanth/projects/kavia/graphnode-backend-api/data/T0005/644038/b90250b/chatnest-644038/frontend/tsconfig.app.json
2025-08-22 12:18:31,190 - Knowledge - INFO - Found code-base-name: https://github.com/kavia-common/chatnest-644038.git:kavia-master
2025-08-22 12:18:31,190 - Knowledge - INFO - Found code_base: <app.utils.kg_build.knowledge.KnowledgeCodeBase object at 0x78b362ec1730>
2025-08-22 12:18:31,190 - Knowledge - INFO - persist ingested knowledge for /home/prasanth/projects/kavia/graphnode-backend-api/data/T0005/644038/b90250b/chatnest-644038/frontend/tsconfig.app.json
2025-08-22 12:18:31,246 - Knowledge - INFO - process ingested knowledge for /home/prasanth/projects/kavia/graphnode-backend-api/data/T0005/644038/b90250b/chatnest-644038/frontend/src/components/ui/hover-card.tsx
2025-08-22 12:18:31,324 - Knowledge - INFO - worker kw18 pull /home/prasanth/projects/kavia/graphnode-backend-api/data/T0005/644038/b90250b/chatnest-644038/frontend/postcss.config.js from ingest queue
2025-08-22 12:18:31,324 - Knowledge - INFO - Thread kw18 - File postcss.config.js - Remaining files in queue: 9
2025-08-22 12:18:31,325 - Knowledge - INFO - start ingest for /home/prasanth/projects/kavia/graphnode-backend-api/data/T0005/644038/b90250b/chatnest-644038/frontend/postcss.config.js
2025-08-22 12:18:31,349 - Knowledge - INFO - Found code-base-name: https://github.com/kavia-common/chatnest-644038.git:kavia-master
2025-08-22 12:18:31,349 - Knowledge - INFO - Found code_base: <app.utils.kg_build.knowledge.KnowledgeCodeBase object at 0x78b362ec1730>
2025-08-22 12:18:31,349 - Knowledge - INFO - persist ingested knowledge for /home/prasanth/projects/kavia/graphnode-backend-api/data/T0005/644038/b90250b/chatnest-644038/frontend/src/components/ui/hover-card.tsx
2025-08-22 12:18:31,354 - Knowledge - INFO - Fast-track processing for simple file: /home/prasanth/projects/kavia/graphnode-backend-api/data/T0005/644038/b90250b/chatnest-644038/frontend/postcss.config.js
2025-08-22 12:18:31,354 - Knowledge - INFO - done fast ingest for /home/prasanth/projects/kavia/graphnode-backend-api/data/T0005/644038/b90250b/chatnest-644038/frontend/postcss.config.js
2025-08-22 12:18:31,416 - Knowledge - INFO - process ingested knowledge for /home/prasanth/projects/kavia/graphnode-backend-api/data/T0005/644038/b90250b/chatnest-644038/frontend/postcss.config.js
2025-08-22 12:18:31,927 - Knowledge - INFO - done ingest for /home/prasanth/projects/kavia/graphnode-backend-api/data/T0005/644038/b90250b/chatnest-644038/frontend/src/components/ui/pagination.tsx
2025-08-22 12:18:31,998 - Knowledge - INFO - process ingested knowledge for /home/prasanth/projects/kavia/graphnode-backend-api/data/T0005/644038/b90250b/chatnest-644038/frontend/src/components/ui/pagination.tsx
2025-08-22 12:18:32,115 - Knowledge - INFO - persist search terms embedding for frontend/src/components/ui/hover-card.tsx
2025-08-22 12:18:32,117 - Knowledge - INFO - Found code-base-name: https://github.com/kavia-common/chatnest-644038.git:kavia-master
2025-08-22 12:18:32,117 - Knowledge - INFO - Found code_base: <app.utils.kg_build.knowledge.KnowledgeCodeBase object at 0x78b362ec1730>
2025-08-22 12:18:32,117 - Knowledge - INFO - persist ingested knowledge for /home/prasanth/projects/kavia/graphnode-backend-api/data/T0005/644038/b90250b/chatnest-644038/frontend/postcss.config.js
2025-08-22 12:18:32,118 - Knowledge - INFO - Found code-base-name: https://github.com/kavia-common/chatnest-644038.git:kavia-master
2025-08-22 12:18:32,118 - Knowledge - INFO - Found code_base: <app.utils.kg_build.knowledge.KnowledgeCodeBase object at 0x78b362ec1730>
2025-08-22 12:18:32,118 - Knowledge - INFO - persist ingested knowledge for /home/prasanth/projects/kavia/graphnode-backend-api/data/T0005/644038/b90250b/chatnest-644038/frontend/src/components/ui/pagination.tsx
2025-08-22 12:18:32,955 - Knowledge - INFO - persist search terms embedding for frontend/src/components/ui/pagination.tsx
2025-08-22 12:18:32,968 - Knowledge - INFO - worker kw9 pull /home/prasanth/projects/kavia/graphnode-backend-api/data/T0005/644038/b90250b/chatnest-644038/frontend/tailwind.config.ts from ingest queue
2025-08-22 12:18:32,968 - Knowledge - INFO - Thread kw9 - File tailwind.config.ts - Remaining files in queue: 8
2025-08-22 12:18:32,968 - Knowledge - INFO - start ingest for /home/prasanth/projects/kavia/graphnode-backend-api/data/T0005/644038/b90250b/chatnest-644038/frontend/tailwind.config.ts
2025-08-22 12:18:32,970 - Knowledge - INFO - worker kw18 pull /home/prasanth/projects/kavia/graphnode-backend-api/data/T0005/644038/b90250b/chatnest-644038/frontend/README.md from ingest queue
2025-08-22 12:18:32,970 - Knowledge - INFO - Thread kw18 - File README.md - Remaining files in queue: 7
2025-08-22 12:18:32,970 - Knowledge - INFO - start ingest for /home/prasanth/projects/kavia/graphnode-backend-api/data/T0005/644038/b90250b/chatnest-644038/frontend/README.md
2025-08-22 12:18:32,978 - Knowledge - INFO - worker kw4 pull /home/prasanth/projects/kavia/graphnode-backend-api/data/T0005/644038/b90250b/chatnest-644038/frontend/vite.config.ts from ingest queue
2025-08-22 12:18:32,978 - Knowledge - INFO - Thread kw4 - File vite.config.ts - Remaining files in queue: 6
2025-08-22 12:18:32,978 - Knowledge - INFO - start ingest for /home/prasanth/projects/kavia/graphnode-backend-api/data/T0005/644038/b90250b/chatnest-644038/frontend/vite.config.ts
2025-08-22 12:18:32,994 - Knowledge - INFO - Fast-track processing for simple file: /home/prasanth/projects/kavia/graphnode-backend-api/data/T0005/644038/b90250b/chatnest-644038/frontend/README.md
2025-08-22 12:18:32,995 - Knowledge - INFO - done fast ingest for /home/prasanth/projects/kavia/graphnode-backend-api/data/T0005/644038/b90250b/chatnest-644038/frontend/README.md
2025-08-22 12:18:32,996 - Knowledge - INFO - process ingested knowledge for /home/prasanth/projects/kavia/graphnode-backend-api/data/T0005/644038/b90250b/chatnest-644038/frontend/README.md
2025-08-22 12:18:32,997 - Knowledge - INFO - Found code-base-name: https://github.com/kavia-common/chatnest-644038.git:kavia-master
2025-08-22 12:18:32,998 - Knowledge - INFO - Found code_base: <app.utils.kg_build.knowledge.KnowledgeCodeBase object at 0x78b362ec1730>
2025-08-22 12:18:32,998 - Knowledge - INFO - persist ingested knowledge for /home/prasanth/projects/kavia/graphnode-backend-api/data/T0005/644038/b90250b/chatnest-644038/frontend/README.md
2025-08-22 12:18:33,002 - Knowledge - INFO - Fast-track processing for simple file: /home/prasanth/projects/kavia/graphnode-backend-api/data/T0005/644038/b90250b/chatnest-644038/frontend/vite.config.ts
2025-08-22 12:18:33,002 - Knowledge - INFO - done fast ingest for /home/prasanth/projects/kavia/graphnode-backend-api/data/T0005/644038/b90250b/chatnest-644038/frontend/vite.config.ts
2025-08-22 12:18:33,058 - Knowledge - INFO - process ingested knowledge for /home/prasanth/projects/kavia/graphnode-backend-api/data/T0005/644038/b90250b/chatnest-644038/frontend/vite.config.ts
2025-08-22 12:18:33,123 - Knowledge - INFO - Found code-base-name: https://github.com/kavia-common/chatnest-644038.git:kavia-master
2025-08-22 12:18:33,123 - Knowledge - INFO - Found code_base: <app.utils.kg_build.knowledge.KnowledgeCodeBase object at 0x78b362ec1730>
2025-08-22 12:18:33,124 - Knowledge - INFO - persist ingested knowledge for /home/prasanth/projects/kavia/graphnode-backend-api/data/T0005/644038/b90250b/chatnest-644038/frontend/vite.config.ts
2025-08-22 12:18:33,358 - Knowledge - INFO - worker kw18 pull /home/prasanth/projects/kavia/graphnode-backend-api/data/T0005/644038/b90250b/chatnest-644038/frontend/tsconfig.node.json from ingest queue
2025-08-22 12:18:33,359 - Knowledge - INFO - Thread kw18 - File tsconfig.node.json - Remaining files in queue: 5
2025-08-22 12:18:33,359 - Knowledge - INFO - start ingest for /home/prasanth/projects/kavia/graphnode-backend-api/data/T0005/644038/b90250b/chatnest-644038/frontend/tsconfig.node.json
2025-08-22 12:18:33,381 - Knowledge - INFO - worker kw4 pull /home/prasanth/projects/kavia/graphnode-backend-api/data/T0005/644038/b90250b/chatnest-644038/frontend/package.json from ingest queue
2025-08-22 12:18:33,382 - Knowledge - INFO - Thread kw4 - File package.json - Remaining files in queue: 4
2025-08-22 12:18:33,382 - Knowledge - INFO - start ingest for /home/prasanth/projects/kavia/graphnode-backend-api/data/T0005/644038/b90250b/chatnest-644038/frontend/package.json
2025-08-22 12:18:33,395 - Knowledge - INFO - Fast-track processing for simple file: /home/prasanth/projects/kavia/graphnode-backend-api/data/T0005/644038/b90250b/chatnest-644038/frontend/tsconfig.node.json
2025-08-22 12:18:33,396 - Knowledge - INFO - done fast ingest for /home/prasanth/projects/kavia/graphnode-backend-api/data/T0005/644038/b90250b/chatnest-644038/frontend/tsconfig.node.json
2025-08-22 12:18:33,396 - Knowledge - INFO - process ingested knowledge for /home/prasanth/projects/kavia/graphnode-backend-api/data/T0005/644038/b90250b/chatnest-644038/frontend/tsconfig.node.json
2025-08-22 12:18:33,398 - Knowledge - INFO - Found code-base-name: https://github.com/kavia-common/chatnest-644038.git:kavia-master
2025-08-22 12:18:33,398 - Knowledge - INFO - Found code_base: <app.utils.kg_build.knowledge.KnowledgeCodeBase object at 0x78b362ec1730>
2025-08-22 12:18:33,398 - Knowledge - INFO - persist ingested knowledge for /home/prasanth/projects/kavia/graphnode-backend-api/data/T0005/644038/b90250b/chatnest-644038/frontend/tsconfig.node.json
2025-08-22 12:18:33,407 - Knowledge - INFO - Fast-track processing for simple file: /home/prasanth/projects/kavia/graphnode-backend-api/data/T0005/644038/b90250b/chatnest-644038/frontend/package.json
2025-08-22 12:18:33,407 - Knowledge - INFO - done fast ingest for /home/prasanth/projects/kavia/graphnode-backend-api/data/T0005/644038/b90250b/chatnest-644038/frontend/package.json
2025-08-22 12:18:33,407 - Knowledge - INFO - process ingested knowledge for /home/prasanth/projects/kavia/graphnode-backend-api/data/T0005/644038/b90250b/chatnest-644038/frontend/package.json
2025-08-22 12:18:33,551 - Knowledge - INFO - Found code-base-name: https://github.com/kavia-common/chatnest-644038.git:kavia-master
2025-08-22 12:18:33,551 - Knowledge - INFO - Found code_base: <app.utils.kg_build.knowledge.KnowledgeCodeBase object at 0x78b362ec1730>
2025-08-22 12:18:33,551 - Knowledge - INFO - persist ingested knowledge for /home/prasanth/projects/kavia/graphnode-backend-api/data/T0005/644038/b90250b/chatnest-644038/frontend/package.json
2025-08-22 12:18:33,558 - Knowledge - INFO - worker kw18 pull /home/prasanth/projects/kavia/graphnode-backend-api/data/T0005/644038/b90250b/chatnest-644038/frontend/tsconfig.json from ingest queue
2025-08-22 12:18:33,559 - Knowledge - INFO - Thread kw18 - File tsconfig.json - Remaining files in queue: 3
2025-08-22 12:18:33,559 - Knowledge - INFO - start ingest for /home/prasanth/projects/kavia/graphnode-backend-api/data/T0005/644038/b90250b/chatnest-644038/frontend/tsconfig.json
2025-08-22 12:18:33,576 - Knowledge - INFO - Fast-track processing for simple file: /home/prasanth/projects/kavia/graphnode-backend-api/data/T0005/644038/b90250b/chatnest-644038/frontend/tsconfig.json
2025-08-22 12:18:33,576 - Knowledge - INFO - done fast ingest for /home/prasanth/projects/kavia/graphnode-backend-api/data/T0005/644038/b90250b/chatnest-644038/frontend/tsconfig.json
2025-08-22 12:18:33,576 - Knowledge - INFO - process ingested knowledge for /home/prasanth/projects/kavia/graphnode-backend-api/data/T0005/644038/b90250b/chatnest-644038/frontend/tsconfig.json
2025-08-22 12:18:33,742 - Knowledge - INFO - Found code-base-name: https://github.com/kavia-common/chatnest-644038.git:kavia-master
2025-08-22 12:18:33,742 - Knowledge - INFO - Found code_base: <app.utils.kg_build.knowledge.KnowledgeCodeBase object at 0x78b362ec1730>
2025-08-22 12:18:33,742 - Knowledge - INFO - persist ingested knowledge for /home/prasanth/projects/kavia/graphnode-backend-api/data/T0005/644038/b90250b/chatnest-644038/frontend/tsconfig.json
2025-08-22 12:18:33,747 - Knowledge - INFO - worker kw4 pull /home/prasanth/projects/kavia/graphnode-backend-api/data/T0005/644038/b90250b/chatnest-644038/frontend/index.html from ingest queue
2025-08-22 12:18:33,747 - Knowledge - INFO - Thread kw4 - File index.html - Remaining files in queue: 2
2025-08-22 12:18:33,747 - Knowledge - INFO - start ingest for /home/prasanth/projects/kavia/graphnode-backend-api/data/T0005/644038/b90250b/chatnest-644038/frontend/index.html
2025-08-22 12:18:33,896 - Knowledge - INFO - worker kw18 pull /home/prasanth/projects/kavia/graphnode-backend-api/data/T0005/644038/b90250b/chatnest-644038/frontend/public/robots.txt from ingest queue
2025-08-22 12:18:33,897 - Knowledge - INFO - Thread kw18 - File robots.txt - Remaining files in queue: 1
2025-08-22 12:18:33,897 - Knowledge - INFO - start ingest for /home/prasanth/projects/kavia/graphnode-backend-api/data/T0005/644038/b90250b/chatnest-644038/frontend/public/robots.txt
2025-08-22 12:18:33,912 - Knowledge - INFO - Fast-track processing for simple file: /home/prasanth/projects/kavia/graphnode-backend-api/data/T0005/644038/b90250b/chatnest-644038/frontend/public/robots.txt
2025-08-22 12:18:33,912 - Knowledge - INFO - done fast ingest for /home/prasanth/projects/kavia/graphnode-backend-api/data/T0005/644038/b90250b/chatnest-644038/frontend/public/robots.txt
2025-08-22 12:18:33,912 - Knowledge - INFO - process ingested knowledge for /home/prasanth/projects/kavia/graphnode-backend-api/data/T0005/644038/b90250b/chatnest-644038/frontend/public/robots.txt
2025-08-22 12:18:33,912 - Knowledge - INFO - Found code-base-name: https://github.com/kavia-common/chatnest-644038.git:kavia-master
2025-08-22 12:18:33,913 - Knowledge - INFO - Found code_base: <app.utils.kg_build.knowledge.KnowledgeCodeBase object at 0x78b362ec1730>
2025-08-22 12:18:33,913 - Knowledge - INFO - persist ingested knowledge for /home/prasanth/projects/kavia/graphnode-backend-api/data/T0005/644038/b90250b/chatnest-644038/frontend/public/robots.txt
2025-08-22 12:18:34,081 - Knowledge - INFO - worker kw18 pull /home/prasanth/projects/kavia/graphnode-backend-api/data/T0005/644038/b90250b/chatnest-644038/frontend/eslint.config.js from ingest queue
2025-08-22 12:18:34,081 - Knowledge - INFO - Thread kw18 - File eslint.config.js - Remaining files in queue: 0
2025-08-22 12:18:34,082 - Knowledge - INFO - start ingest for /home/prasanth/projects/kavia/graphnode-backend-api/data/T0005/644038/b90250b/chatnest-644038/frontend/eslint.config.js
2025-08-22 12:18:34,557 - Knowledge - INFO - done ingest for /home/prasanth/projects/kavia/graphnode-backend-api/data/T0005/644038/b90250b/chatnest-644038/frontend/src/components/ui/card.tsx
2025-08-22 12:18:34,607 - Knowledge - INFO - process ingested knowledge for /home/prasanth/projects/kavia/graphnode-backend-api/data/T0005/644038/b90250b/chatnest-644038/frontend/src/components/ui/card.tsx
2025-08-22 12:18:34,607 - Knowledge - INFO - Found code-base-name: https://github.com/kavia-common/chatnest-644038.git:kavia-master
2025-08-22 12:18:34,607 - Knowledge - INFO - Found code_base: <app.utils.kg_build.knowledge.KnowledgeCodeBase object at 0x78b362ec1730>
2025-08-22 12:18:34,608 - Knowledge - INFO - persist ingested knowledge for /home/prasanth/projects/kavia/graphnode-backend-api/data/T0005/644038/b90250b/chatnest-644038/frontend/src/components/ui/card.tsx
2025-08-22 12:18:35,163 - Knowledge - INFO - persist search terms embedding for frontend/src/components/ui/card.tsx
2025-08-22 12:18:41,542 - Knowledge - INFO - done ingest for /home/prasanth/projects/kavia/graphnode-backend-api/data/T0005/644038/b90250b/chatnest-644038/frontend/src/components/ui/drawer.tsx
2025-08-22 12:18:41,632 - Knowledge - INFO - process ingested knowledge for /home/prasanth/projects/kavia/graphnode-backend-api/data/T0005/644038/b90250b/chatnest-644038/frontend/src/components/ui/drawer.tsx
2025-08-22 12:18:41,632 - Knowledge - INFO - Found code-base-name: https://github.com/kavia-common/chatnest-644038.git:kavia-master
2025-08-22 12:18:41,632 - Knowledge - INFO - Found code_base: <app.utils.kg_build.knowledge.KnowledgeCodeBase object at 0x78b362ec1730>
2025-08-22 12:18:41,632 - Knowledge - INFO - persist ingested knowledge for /home/prasanth/projects/kavia/graphnode-backend-api/data/T0005/644038/b90250b/chatnest-644038/frontend/src/components/ui/drawer.tsx
2025-08-22 12:18:42,431 - Knowledge - INFO - persist search terms embedding for frontend/src/components/ui/drawer.tsx
2025-08-22 12:18:43,595 - Knowledge - INFO - done ingest for /home/prasanth/projects/kavia/graphnode-backend-api/data/T0005/644038/b90250b/chatnest-644038/frontend/src/components/ui/carousel.tsx
2025-08-22 12:18:43,663 - Knowledge - INFO - process ingested knowledge for /home/prasanth/projects/kavia/graphnode-backend-api/data/T0005/644038/b90250b/chatnest-644038/frontend/src/components/ui/carousel.tsx
2025-08-22 12:18:43,719 - Knowledge - INFO - Found code-base-name: https://github.com/kavia-common/chatnest-644038.git:kavia-master
2025-08-22 12:18:43,721 - Knowledge - INFO - Found code_base: <app.utils.kg_build.knowledge.KnowledgeCodeBase object at 0x78b362ec1730>
2025-08-22 12:18:43,721 - Knowledge - INFO - persist ingested knowledge for /home/prasanth/projects/kavia/graphnode-backend-api/data/T0005/644038/b90250b/chatnest-644038/frontend/src/components/ui/carousel.tsx
2025-08-22 12:18:44,361 - Knowledge - INFO - persist search terms embedding for frontend/src/components/ui/carousel.tsx
2025-08-22 12:18:44,413 - Knowledge - INFO - done ingest for /home/prasanth/projects/kavia/graphnode-backend-api/data/T0005/644038/b90250b/chatnest-644038/frontend/src/components/ui/sheet.tsx
2025-08-22 12:18:44,486 - Knowledge - INFO - process ingested knowledge for /home/prasanth/projects/kavia/graphnode-backend-api/data/T0005/644038/b90250b/chatnest-644038/frontend/src/components/ui/sheet.tsx
2025-08-22 12:18:44,488 - Knowledge - INFO - Found code-base-name: https://github.com/kavia-common/chatnest-644038.git:kavia-master
2025-08-22 12:18:44,489 - Knowledge - INFO - Found code_base: <app.utils.kg_build.knowledge.KnowledgeCodeBase object at 0x78b362ec1730>
2025-08-22 12:18:44,489 - Knowledge - INFO - persist ingested knowledge for /home/prasanth/projects/kavia/graphnode-backend-api/data/T0005/644038/b90250b/chatnest-644038/frontend/src/components/ui/sheet.tsx
2025-08-22 12:18:45,089 - Knowledge - INFO - done ingest for /home/prasanth/projects/kavia/graphnode-backend-api/data/T0005/644038/b90250b/chatnest-644038/frontend/index.html
2025-08-22 12:18:45,090 - Knowledge - INFO - process ingested knowledge for /home/prasanth/projects/kavia/graphnode-backend-api/data/T0005/644038/b90250b/chatnest-644038/frontend/index.html
2025-08-22 12:18:45,106 - Knowledge - INFO - persist search terms embedding for frontend/src/components/ui/sheet.tsx
2025-08-22 12:18:45,115 - Knowledge - INFO - Found code-base-name: https://github.com/kavia-common/chatnest-644038.git:kavia-master
2025-08-22 12:18:45,115 - Knowledge - INFO - Found code_base: <app.utils.kg_build.knowledge.KnowledgeCodeBase object at 0x78b362ec1730>
2025-08-22 12:18:45,115 - Knowledge - INFO - persist ingested knowledge for /home/prasanth/projects/kavia/graphnode-backend-api/data/T0005/644038/b90250b/chatnest-644038/frontend/index.html
2025-08-22 12:18:45,252 - Knowledge - INFO - done ingest for /home/prasanth/projects/kavia/graphnode-backend-api/data/T0005/644038/b90250b/chatnest-644038/frontend/src/components/ui/resizable.tsx
2025-08-22 12:18:45,336 - Knowledge - INFO - process ingested knowledge for /home/prasanth/projects/kavia/graphnode-backend-api/data/T0005/644038/b90250b/chatnest-644038/frontend/src/components/ui/resizable.tsx
2025-08-22 12:18:45,429 - Knowledge - INFO - Found code-base-name: https://github.com/kavia-common/chatnest-644038.git:kavia-master
2025-08-22 12:18:45,429 - Knowledge - INFO - Found code_base: <app.utils.kg_build.knowledge.KnowledgeCodeBase object at 0x78b362ec1730>
2025-08-22 12:18:45,429 - Knowledge - INFO - persist ingested knowledge for /home/prasanth/projects/kavia/graphnode-backend-api/data/T0005/644038/b90250b/chatnest-644038/frontend/src/components/ui/resizable.tsx
2025-08-22 12:18:46,383 - Knowledge - INFO - persist search terms embedding for frontend/src/components/ui/resizable.tsx
2025-08-22 12:18:46,917 - Knowledge - INFO - done ingest for /home/prasanth/projects/kavia/graphnode-backend-api/data/T0005/644038/b90250b/chatnest-644038/frontend/src/components/ReadyToChatState.tsx
2025-08-22 12:18:46,975 - Knowledge - INFO - process ingested knowledge for /home/prasanth/projects/kavia/graphnode-backend-api/data/T0005/644038/b90250b/chatnest-644038/frontend/src/components/ReadyToChatState.tsx
2025-08-22 12:18:47,002 - Knowledge - INFO - Found code-base-name: https://github.com/kavia-common/chatnest-644038.git:kavia-master
2025-08-22 12:18:47,003 - Knowledge - INFO - Found code_base: <app.utils.kg_build.knowledge.KnowledgeCodeBase object at 0x78b362ec1730>
2025-08-22 12:18:47,003 - Knowledge - INFO - persist ingested knowledge for /home/prasanth/projects/kavia/graphnode-backend-api/data/T0005/644038/b90250b/chatnest-644038/frontend/src/components/ReadyToChatState.tsx
2025-08-22 12:18:47,300 - Knowledge - INFO - done ingest for /home/prasanth/projects/kavia/graphnode-backend-api/data/T0005/644038/b90250b/chatnest-644038/frontend/src/components/ApiKeyInput.tsx
2025-08-22 12:18:47,351 - Knowledge - INFO - process ingested knowledge for /home/prasanth/projects/kavia/graphnode-backend-api/data/T0005/644038/b90250b/chatnest-644038/frontend/src/components/ApiKeyInput.tsx
2025-08-22 12:18:47,858 - Knowledge - INFO - persist search terms embedding for frontend/src/components/ReadyToChatState.tsx
2025-08-22 12:18:47,864 - Knowledge - INFO - Found code-base-name: https://github.com/kavia-common/chatnest-644038.git:kavia-master
2025-08-22 12:18:47,864 - Knowledge - INFO - Found code_base: <app.utils.kg_build.knowledge.KnowledgeCodeBase object at 0x78b362ec1730>
2025-08-22 12:18:47,864 - Knowledge - INFO - persist ingested knowledge for /home/prasanth/projects/kavia/graphnode-backend-api/data/T0005/644038/b90250b/chatnest-644038/frontend/src/components/ApiKeyInput.tsx
2025-08-22 12:18:47,898 - Knowledge - INFO - done ingest for /home/prasanth/projects/kavia/graphnode-backend-api/data/T0005/644038/b90250b/chatnest-644038/frontend/src/services/googleAiService.ts
2025-08-22 12:18:47,965 - Knowledge - INFO - process ingested knowledge for /home/prasanth/projects/kavia/graphnode-backend-api/data/T0005/644038/b90250b/chatnest-644038/frontend/src/services/googleAiService.ts
2025-08-22 12:18:48,603 - Knowledge - INFO - persist search terms embedding for frontend/src/components/ApiKeyInput.tsx
2025-08-22 12:18:48,772 - Knowledge - INFO - Found code-base-name: https://github.com/kavia-common/chatnest-644038.git:kavia-master
2025-08-22 12:18:48,772 - Knowledge - INFO - Found code_base: <app.utils.kg_build.knowledge.KnowledgeCodeBase object at 0x78b362ec1730>
2025-08-22 12:18:48,772 - Knowledge - INFO - persist ingested knowledge for /home/prasanth/projects/kavia/graphnode-backend-api/data/T0005/644038/b90250b/chatnest-644038/frontend/src/services/googleAiService.ts
2025-08-22 12:18:48,795 - Knowledge - INFO - done ingest for /home/prasanth/projects/kavia/graphnode-backend-api/data/T0005/644038/b90250b/chatnest-644038/frontend/src/components/ui/sidebar.tsx
2025-08-22 12:18:48,911 - Knowledge - INFO - process ingested knowledge for /home/prasanth/projects/kavia/graphnode-backend-api/data/T0005/644038/b90250b/chatnest-644038/frontend/src/components/ui/sidebar.tsx
2025-08-22 12:18:48,939 - Knowledge - INFO - done ingest for /home/prasanth/projects/kavia/graphnode-backend-api/data/T0005/644038/b90250b/chatnest-644038/frontend/src/pages/Index.tsx
2025-08-22 12:18:49,031 - Knowledge - INFO - process ingested knowledge for /home/prasanth/projects/kavia/graphnode-backend-api/data/T0005/644038/b90250b/chatnest-644038/frontend/src/pages/Index.tsx
2025-08-22 12:18:49,261 - Knowledge - INFO - done ingest for /home/prasanth/projects/kavia/graphnode-backend-api/data/T0005/644038/b90250b/chatnest-644038/frontend/src/components/LoginPage.tsx
2025-08-22 12:18:49,331 - Knowledge - INFO - process ingested knowledge for /home/prasanth/projects/kavia/graphnode-backend-api/data/T0005/644038/b90250b/chatnest-644038/frontend/src/components/LoginPage.tsx
2025-08-22 12:18:49,585 - Knowledge - INFO - persist search terms embedding for frontend/src/services/googleAiService.ts
2025-08-22 12:18:49,607 - Knowledge - INFO - Found code-base-name: https://github.com/kavia-common/chatnest-644038.git:kavia-master
2025-08-22 12:18:49,608 - Knowledge - INFO - Found code_base: <app.utils.kg_build.knowledge.KnowledgeCodeBase object at 0x78b362ec1730>
2025-08-22 12:18:49,608 - Knowledge - INFO - persist ingested knowledge for /home/prasanth/projects/kavia/graphnode-backend-api/data/T0005/644038/b90250b/chatnest-644038/frontend/src/pages/Index.tsx
2025-08-22 12:18:49,667 - Knowledge - INFO - Found code-base-name: https://github.com/kavia-common/chatnest-644038.git:kavia-master
2025-08-22 12:18:49,668 - Knowledge - INFO - Found code_base: <app.utils.kg_build.knowledge.KnowledgeCodeBase object at 0x78b362ec1730>
2025-08-22 12:18:49,668 - Knowledge - INFO - persist ingested knowledge for /home/prasanth/projects/kavia/graphnode-backend-api/data/T0005/644038/b90250b/chatnest-644038/frontend/src/components/ui/sidebar.tsx
2025-08-22 12:18:49,675 - Knowledge - INFO - Found code-base-name: https://github.com/kavia-common/chatnest-644038.git:kavia-master
2025-08-22 12:18:49,675 - Knowledge - INFO - Found code_base: <app.utils.kg_build.knowledge.KnowledgeCodeBase object at 0x78b362ec1730>
2025-08-22 12:18:49,675 - Knowledge - INFO - persist ingested knowledge for /home/prasanth/projects/kavia/graphnode-backend-api/data/T0005/644038/b90250b/chatnest-644038/frontend/src/components/LoginPage.tsx
2025-08-22 12:18:50,535 - Knowledge - INFO - persist search terms embedding for frontend/src/components/ui/sidebar.tsx
2025-08-22 12:18:50,754 - Knowledge - INFO - done ingest for /home/prasanth/projects/kavia/graphnode-backend-api/data/T0005/644038/b90250b/chatnest-644038/frontend/tailwind.config.ts
2025-08-22 12:18:50,885 - Knowledge - INFO - process ingested knowledge for /home/prasanth/projects/kavia/graphnode-backend-api/data/T0005/644038/b90250b/chatnest-644038/frontend/tailwind.config.ts
2025-08-22 12:18:51,000 - Knowledge - INFO - done ingest for /home/prasanth/projects/kavia/graphnode-backend-api/data/T0005/644038/b90250b/chatnest-644038/frontend/src/components/ui/form.tsx
2025-08-22 12:18:51,100 - Knowledge - INFO - process ingested knowledge for /home/prasanth/projects/kavia/graphnode-backend-api/data/T0005/644038/b90250b/chatnest-644038/frontend/src/components/ui/form.tsx
2025-08-22 12:18:51,185 - Knowledge - INFO - persist search terms embedding for frontend/src/pages/Index.tsx
2025-08-22 12:18:51,851 - Knowledge - INFO - persist search terms embedding for frontend/src/components/LoginPage.tsx
2025-08-22 12:18:51,896 - Knowledge - INFO - Found code-base-name: https://github.com/kavia-common/chatnest-644038.git:kavia-master
2025-08-22 12:18:51,897 - Knowledge - INFO - Found code_base: <app.utils.kg_build.knowledge.KnowledgeCodeBase object at 0x78b362ec1730>
2025-08-22 12:18:51,897 - Knowledge - INFO - persist ingested knowledge for /home/prasanth/projects/kavia/graphnode-backend-api/data/T0005/644038/b90250b/chatnest-644038/frontend/tailwind.config.ts
2025-08-22 12:18:51,906 - Knowledge - INFO - Found code-base-name: https://github.com/kavia-common/chatnest-644038.git:kavia-master
2025-08-22 12:18:51,906 - Knowledge - INFO - Found code_base: <app.utils.kg_build.knowledge.KnowledgeCodeBase object at 0x78b362ec1730>
2025-08-22 12:18:51,906 - Knowledge - INFO - persist ingested knowledge for /home/prasanth/projects/kavia/graphnode-backend-api/data/T0005/644038/b90250b/chatnest-644038/frontend/src/components/ui/form.tsx
2025-08-22 12:18:53,097 - Knowledge - INFO - persist search terms embedding for frontend/src/components/ui/form.tsx
2025-08-22 12:18:53,854 - Knowledge - INFO - persist search terms embedding for frontend/tailwind.config.ts
2025-08-22 12:18:54,112 - Knowledge - INFO - done ingest for /home/prasanth/projects/kavia/graphnode-backend-api/data/T0005/644038/b90250b/chatnest-644038/frontend/src/services/chatApiService.ts
2025-08-22 12:18:54,188 - Knowledge - INFO - process ingested knowledge for /home/prasanth/projects/kavia/graphnode-backend-api/data/T0005/644038/b90250b/chatnest-644038/frontend/src/services/chatApiService.ts
2025-08-22 12:18:54,269 - Knowledge - INFO - Found code-base-name: https://github.com/kavia-common/chatnest-644038.git:kavia-master
2025-08-22 12:18:54,270 - Knowledge - INFO - Found code_base: <app.utils.kg_build.knowledge.KnowledgeCodeBase object at 0x78b362ec1730>
2025-08-22 12:18:54,270 - Knowledge - INFO - persist ingested knowledge for /home/prasanth/projects/kavia/graphnode-backend-api/data/T0005/644038/b90250b/chatnest-644038/frontend/src/services/chatApiService.ts
2025-08-22 12:18:54,478 - Knowledge - INFO - done ingest for /home/prasanth/projects/kavia/graphnode-backend-api/data/T0005/644038/b90250b/chatnest-644038/frontend/src/pages/NotFound.tsx
2025-08-22 12:18:54,652 - Knowledge - INFO - process ingested knowledge for /home/prasanth/projects/kavia/graphnode-backend-api/data/T0005/644038/b90250b/chatnest-644038/frontend/src/pages/NotFound.tsx
2025-08-22 12:18:54,852 - Knowledge - INFO - done ingest for /home/prasanth/projects/kavia/graphnode-backend-api/data/T0005/644038/b90250b/chatnest-644038/frontend/src/services/authService.ts
2025-08-22 12:18:54,870 - Knowledge - INFO - done ingest for /home/prasanth/projects/kavia/graphnode-backend-api/data/T0005/644038/b90250b/chatnest-644038/frontend/src/components/ui/dropdown-menu.tsx
2025-08-22 12:18:54,938 - Knowledge - INFO - done ingest for /home/prasanth/projects/kavia/graphnode-backend-api/data/T0005/644038/b90250b/chatnest-644038/frontend/src/components/ui/alert-dialog.tsx
2025-08-22 12:18:54,985 - Knowledge - INFO - process ingested knowledge for /home/prasanth/projects/kavia/graphnode-backend-api/data/T0005/644038/b90250b/chatnest-644038/frontend/src/services/authService.ts
2025-08-22 12:18:55,005 - Knowledge - INFO - process ingested knowledge for /home/prasanth/projects/kavia/graphnode-backend-api/data/T0005/644038/b90250b/chatnest-644038/frontend/src/components/ui/dropdown-menu.tsx
2025-08-22 12:18:55,010 - Knowledge - INFO - process ingested knowledge for /home/prasanth/projects/kavia/graphnode-backend-api/data/T0005/644038/b90250b/chatnest-644038/frontend/src/components/ui/alert-dialog.tsx
2025-08-22 12:18:55,450 - Knowledge - INFO - done ingest for /home/prasanth/projects/kavia/graphnode-backend-api/data/T0005/644038/b90250b/chatnest-644038/frontend/src/components/SettingsModal.tsx
2025-08-22 12:18:55,512 - Knowledge - INFO - process ingested knowledge for /home/prasanth/projects/kavia/graphnode-backend-api/data/T0005/644038/b90250b/chatnest-644038/frontend/src/components/SettingsModal.tsx
2025-08-22 12:18:55,556 - Knowledge - INFO - persist search terms embedding for frontend/src/services/chatApiService.ts
2025-08-22 12:18:55,645 - Knowledge - INFO - done ingest for /home/prasanth/projects/kavia/graphnode-backend-api/data/T0005/644038/b90250b/chatnest-644038/frontend/eslint.config.js
2025-08-22 12:18:55,651 - Knowledge - INFO - Found code-base-name: https://github.com/kavia-common/chatnest-644038.git:kavia-master
2025-08-22 12:18:55,651 - Knowledge - INFO - Found code_base: <app.utils.kg_build.knowledge.KnowledgeCodeBase object at 0x78b362ec1730>
2025-08-22 12:18:55,651 - Knowledge - INFO - persist ingested knowledge for /home/prasanth/projects/kavia/graphnode-backend-api/data/T0005/644038/b90250b/chatnest-644038/frontend/src/components/ui/alert-dialog.tsx
2025-08-22 12:18:55,713 - Knowledge - INFO - Found code-base-name: https://github.com/kavia-common/chatnest-644038.git:kavia-master
2025-08-22 12:18:55,713 - Knowledge - INFO - Found code_base: <app.utils.kg_build.knowledge.KnowledgeCodeBase object at 0x78b362ec1730>
2025-08-22 12:18:55,713 - Knowledge - INFO - persist ingested knowledge for /home/prasanth/projects/kavia/graphnode-backend-api/data/T0005/644038/b90250b/chatnest-644038/frontend/src/services/authService.ts
2025-08-22 12:18:55,724 - Knowledge - INFO - Found code-base-name: https://github.com/kavia-common/chatnest-644038.git:kavia-master
2025-08-22 12:18:55,724 - Knowledge - INFO - Found code_base: <app.utils.kg_build.knowledge.KnowledgeCodeBase object at 0x78b362ec1730>
2025-08-22 12:18:55,725 - Knowledge - INFO - persist ingested knowledge for /home/prasanth/projects/kavia/graphnode-backend-api/data/T0005/644038/b90250b/chatnest-644038/frontend/src/components/ui/dropdown-menu.tsx
2025-08-22 12:18:55,732 - Knowledge - INFO - Found code-base-name: https://github.com/kavia-common/chatnest-644038.git:kavia-master
2025-08-22 12:18:55,732 - Knowledge - INFO - Found code_base: <app.utils.kg_build.knowledge.KnowledgeCodeBase object at 0x78b362ec1730>
2025-08-22 12:18:55,732 - Knowledge - INFO - persist ingested knowledge for /home/prasanth/projects/kavia/graphnode-backend-api/data/T0005/644038/b90250b/chatnest-644038/frontend/src/components/SettingsModal.tsx
2025-08-22 12:18:55,732 - Knowledge - INFO - process ingested knowledge for /home/prasanth/projects/kavia/graphnode-backend-api/data/T0005/644038/b90250b/chatnest-644038/frontend/eslint.config.js
2025-08-22 12:18:55,795 - Knowledge - INFO - done ingest for /home/prasanth/projects/kavia/graphnode-backend-api/data/T0005/644038/b90250b/chatnest-644038/frontend/src/App.tsx
2025-08-22 12:18:55,858 - Knowledge - INFO - process ingested knowledge for /home/prasanth/projects/kavia/graphnode-backend-api/data/T0005/644038/b90250b/chatnest-644038/frontend/src/App.tsx
2025-08-22 12:18:56,709 - Knowledge - INFO - persist search terms embedding for frontend/src/components/ui/dropdown-menu.tsx
2025-08-22 12:18:57,060 - Knowledge - INFO - done ingest for /home/prasanth/projects/kavia/graphnode-backend-api/data/T0005/644038/b90250b/chatnest-644038/frontend/src/components/ui/context-menu.tsx
2025-08-22 12:18:57,074 - Knowledge - INFO - done ingest for /home/prasanth/projects/kavia/graphnode-backend-api/data/T0005/644038/b90250b/chatnest-644038/frontend/src/components/ui/menubar.tsx
2025-08-22 12:18:57,165 - Knowledge - INFO - process ingested knowledge for /home/prasanth/projects/kavia/graphnode-backend-api/data/T0005/644038/b90250b/chatnest-644038/frontend/src/components/ui/context-menu.tsx
2025-08-22 12:18:57,174 - Knowledge - INFO - done ingest for /home/prasanth/projects/kavia/graphnode-backend-api/data/T0005/644038/b90250b/chatnest-644038/frontend/src/components/ui/table.tsx
2025-08-22 12:18:57,176 - Knowledge - INFO - process ingested knowledge for /home/prasanth/projects/kavia/graphnode-backend-api/data/T0005/644038/b90250b/chatnest-644038/frontend/src/components/ui/menubar.tsx
2025-08-22 12:18:57,209 - Knowledge - INFO - process ingested knowledge for /home/prasanth/projects/kavia/graphnode-backend-api/data/T0005/644038/b90250b/chatnest-644038/frontend/src/components/ui/table.tsx
2025-08-22 12:18:57,520 - Knowledge - INFO - persist search terms embedding for frontend/src/components/ui/alert-dialog.tsx
2025-08-22 12:18:57,899 - Knowledge - INFO - persist search terms embedding for frontend/src/components/SettingsModal.tsx
2025-08-22 12:18:57,900 - Knowledge - INFO - Found code-base-name: https://github.com/kavia-common/chatnest-644038.git:kavia-master
2025-08-22 12:18:57,901 - Knowledge - INFO - Found code_base: <app.utils.kg_build.knowledge.KnowledgeCodeBase object at 0x78b362ec1730>
2025-08-22 12:18:57,901 - Knowledge - INFO - persist ingested knowledge for /home/prasanth/projects/kavia/graphnode-backend-api/data/T0005/644038/b90250b/chatnest-644038/frontend/eslint.config.js
2025-08-22 12:18:57,905 - Knowledge - INFO - Found code-base-name: https://github.com/kavia-common/chatnest-644038.git:kavia-master
2025-08-22 12:18:57,906 - Knowledge - INFO - Found code_base: <app.utils.kg_build.knowledge.KnowledgeCodeBase object at 0x78b362ec1730>
2025-08-22 12:18:57,906 - Knowledge - INFO - persist ingested knowledge for /home/prasanth/projects/kavia/graphnode-backend-api/data/T0005/644038/b90250b/chatnest-644038/frontend/src/components/ui/menubar.tsx
2025-08-22 12:18:58,394 - Knowledge - INFO - persist search terms embedding for frontend/eslint.config.js
2025-08-22 12:18:58,397 - Knowledge - INFO - Found code-base-name: https://github.com/kavia-common/chatnest-644038.git:kavia-master
2025-08-22 12:18:58,397 - Knowledge - INFO - Found code_base: <app.utils.kg_build.knowledge.KnowledgeCodeBase object at 0x78b362ec1730>
2025-08-22 12:18:58,397 - Knowledge - INFO - persist ingested knowledge for /home/prasanth/projects/kavia/graphnode-backend-api/data/T0005/644038/b90250b/chatnest-644038/frontend/src/pages/NotFound.tsx
2025-08-22 12:18:58,398 - Knowledge - INFO - Found code-base-name: https://github.com/kavia-common/chatnest-644038.git:kavia-master
2025-08-22 12:18:58,398 - Knowledge - INFO - Found code_base: <app.utils.kg_build.knowledge.KnowledgeCodeBase object at 0x78b362ec1730>
2025-08-22 12:18:58,398 - Knowledge - INFO - persist ingested knowledge for /home/prasanth/projects/kavia/graphnode-backend-api/data/T0005/644038/b90250b/chatnest-644038/frontend/src/App.tsx
2025-08-22 12:18:58,401 - Knowledge - INFO - Found code-base-name: https://github.com/kavia-common/chatnest-644038.git:kavia-master
2025-08-22 12:18:58,401 - Knowledge - INFO - Found code_base: <app.utils.kg_build.knowledge.KnowledgeCodeBase object at 0x78b362ec1730>
2025-08-22 12:18:58,401 - Knowledge - INFO - persist ingested knowledge for /home/prasanth/projects/kavia/graphnode-backend-api/data/T0005/644038/b90250b/chatnest-644038/frontend/src/components/ui/context-menu.tsx
2025-08-22 12:18:58,403 - Knowledge - INFO - Found code-base-name: https://github.com/kavia-common/chatnest-644038.git:kavia-master
2025-08-22 12:18:58,403 - Knowledge - INFO - Found code_base: <app.utils.kg_build.knowledge.KnowledgeCodeBase object at 0x78b362ec1730>
2025-08-22 12:18:58,403 - Knowledge - INFO - persist ingested knowledge for /home/prasanth/projects/kavia/graphnode-backend-api/data/T0005/644038/b90250b/chatnest-644038/frontend/src/components/ui/table.tsx
2025-08-22 12:18:58,859 - Knowledge - INFO - persist search terms embedding for frontend/src/components/ui/menubar.tsx
2025-08-22 12:18:59,297 - Knowledge - INFO - persist search terms embedding for frontend/src/pages/NotFound.tsx
2025-08-22 12:18:59,685 - Knowledge - INFO - persist search terms embedding for frontend/src/App.tsx
2025-08-22 12:19:00,082 - Knowledge - INFO - persist search terms embedding for frontend/src/components/ui/context-menu.tsx
2025-08-22 12:19:00,523 - Knowledge - INFO - persist search terms embedding for frontend/src/components/ui/table.tsx
2025-08-22 12:19:00,946 - Knowledge - INFO - persist search terms embedding for frontend/src/services/authService.ts
2025-08-22 12:19:00,950 - Knowledge - INFO - Knowledge creation complete
2025-08-22 12:19:01,177 - Knowledge - INFO - Updating org costs, total cost: 0.024920400000000006
2025-08-22 12:19:07,640 - Knowledge - INFO - Saving knowledge to Redis...
2025-08-22 12:19:07,686 - Knowledge - INFO - Knowledge saved to Redis successfully
